,Neighborhood,Neighborhood Latitude,Neighborhood Longitude,Venue,Venue id,Venue Latitude,Venue Longitude,Venue Category,likes
0,Nob Hill,37.793360000000064,-122.41787,Acquerello,3fd66200f964a52013ed1ee3,37.79166942920909,-122.42140678564287,Italian Restaurant,82
1,Inner Sunset,37.762110000000064,-122.46885999999995,Ebisu,3fd66200f964a52017ed1ee3,37.76435429827475,-122.46635766882568,Sushi Restaurant,264
2,Jackson Square,37.79708000000005,-122.39840999999996,Slanted Door,3fd66200f964a52018ed1ee3,37.79622211218807,-122.39389548483183,Vietnamese Restaurant,1200
4,South Park,37.78145000000006,-122.39385999999996,Fringale,3fd66200f964a5201bed1ee3,37.778731157713864,-122.39710460817119,French Restaurant,60
5,Russian Hill,37.80203000000006,-122.41962999999998,Gary Danko,3fd66200f964a52025ee1ee3,37.805750980159246,-122.4204880092155,New American Restaurant,293
6,Embarcadero,37.79532000000006,-122.39393999999999,Boulevard,3fd66200f964a52052ed1ee3,37.79332,-122.392761,French Restaurant,388
7,Marina District,37.80315000000007,-122.43674999999996,Ace Wasabi's Rock-N-Roll Sushi,3fd66200f964a52054ed1ee3,37.800258704958715,-122.4378527588878,Sushi Restaurant,77
8,Financial District South,37.795780000000036,-122.40047999999996,Bix,3fd66200f964a5205af11ee3,37.79676889447939,-122.4029572795956,New American Restaurant,242
11,Mission District,37.759930000000054,-122.41807999999997,Foreign Cinema,3fd66200f964a520a0ec1ee3,37.75648806689791,-122.41922596316283,New American Restaurant,1415
12,Pacific Heights,37.79291000000006,-122.43463999999994,Jackson Fillmore,3fd66200f964a520a3eb1ee3,37.79259770938566,-122.43457540756175,Italian Restaurant,98
13,Design District,37.77853007328749,-122.39321008050078,MoMo's,3fd66200f964a520bbec1ee3,37.77984021313858,-122.38989944600591,American Restaurant,172
15,Lake Street,37.785060000000044,-122.46403999999995,Chapeau!,3fd66200f964a520ccec1ee3,37.783238280147856,-122.46070906260171,French Restaurant,105
17,Financial District South,37.795780000000036,-122.40047999999996,House of Nanking,3fd66200f964a520d2ed1ee3,37.79652150545052,-122.40517319905582,Jiangsu Restaurant,365
19,Lake Street,37.785060000000044,-122.46403999999995,King of Thai Noodle,3fd66200f964a520d7ec1ee3,37.782794053837705,-122.46616907286867,Thai Restaurant,48
21,Lake Street,37.785060000000044,-122.46403999999995,Bella Trattoria Italiana,3fd66200f964a520dbec1ee3,37.781315310240394,-122.46103951859854,Italian Restaurant,100
22,Lake Street,37.785060000000044,-122.46403999999995,Brother's Korean Restaurant,3fd66200f964a520deec1ee3,37.78110336136357,-122.46390758378807,Korean Restaurant,149
23,Richmond District,37.78066000000007,-122.47088999999994,Good Luck Dim Sum 好運點心,3fd66200f964a520f0ec1ee3,37.78288521217207,-122.46722368903595,Dim Sum Restaurant,166
25,Jordan Park,37.784650000000056,-122.45664,Le Soleil,3fd66200f964a520fcec1ee3,37.783062157910784,-122.46077283488573,Vietnamese Restaurant,32
26,Lake Street,37.785060000000044,-122.46403999999995,Mandalay,3fd66200f964a520feec1ee3,37.78512651139495,-122.46437425784686,Burmese Restaurant,286
27,Dogpatch,37.75946000000005,-122.39035999999999,Moshi Moshi,40870b00f964a520b6f21ee3,37.76313321321525,-122.3888880232023,Sushi Restaurant,130
29,Lower Nob Hill,37.78944000000007,-122.41453999999999,Le Colonial,40dcbc80f964a52085011fe3,37.78828061940812,-122.41245016717406,Vietnamese Restaurant,300
32,Ashbury Heights,37.76467000000008,-122.44586999999996,Kezar Bar & Restaurant,40f5c900f964a520aa0a1fe3,37.765750942468216,-122.44990877866329,Restaurant,71
33,Laguna Honda,37.750999922797234,-122.46122578186481,Chouchou,40f9bd80f964a520d50a1fe3,37.74739118664133,-122.45931834462704,French Restaurant,31
35,Fisherman's Wharf,37.80655000000007,-122.40624999999994,Hillstone,41044980f964a520700b1fe3,37.80612149051469,-122.404939131139,American Restaurant,373
36,Little Saigon,37.78426,-122.417724,Soluna Cafe,411ff900f964a520280c1fe3,37.78059454957862,-122.4166102612502,American Restaurant,27
37,Eureka Valley,37.75750082266322,-122.43794033500338,Harvey's,413e4b80f964a520501c1fe3,37.76082906854015,-122.43511610272319,American Restaurant,245
39,Cole Valley,37.76532000000003,-122.44986999999998,Cha Cha Cha,417c4200f964a520c71d1fe3,37.76927064378466,-122.45200580267058,Tapas Restaurant,343
41,Mission Dolores,37.76481000000007,-122.42359999999996,Picaro Cafe,41e46880f964a520e01e1fe3,37.764983762622656,-122.42234214451766,Tapas Restaurant,226
42,Marina District,37.80315000000007,-122.43674999999996,Balboa Cafe,427d5680f964a520a6211fe3,37.79894421451617,-122.43603495826304,American Restaurant,191
44,Nob Hill,37.793360000000064,-122.41787,The Bell Tower,42accc80f964a52040251fe3,37.79423384062654,-122.4213546078678,American Restaurant,142
45,Nob Hill,37.793360000000064,-122.41787,Nob Hill Cafe,42ae1e00f964a52057251fe3,37.793296000000005,-122.41263700000002,Italian Restaurant,176
47,Nob Hill,37.793360000000064,-122.41787,Ristorante Milano,42b21280f964a5206f251fe3,37.795428170023136,-122.41906491710779,Italian Restaurant,85
48,Hayes Valley,37.77428000000003,-122.42832999999996,Suppenküche,42c5d900f964a520d5251fe3,37.776324,-122.426382,German Restaurant,817
50,Lake Street,37.785060000000044,-122.46403999999995,Burma Superstar,42cc7080f964a520e7251fe3,37.783010541941735,-122.46258587108765,Burmese Restaurant,965
51,Mission District,37.759930000000054,-122.41807999999997,Limón Peruvian Rotisserie,42d1b680f964a52007261fe3,37.757127644296986,-122.41664419723027,South American Restaurant,565
52,Sea Cliff,37.78626000000003,-122.48517999999996,PPQ Dungeness Island,42ec1480f964a520a1261fe3,37.782103755106675,-122.48446070433019,Seafood Restaurant,213
53,Buena Vista,37.76716630132208,-122.43818868137984,AMASIA Hide’s Sushi bar,42eeb780f964a520b6261fe3,37.766769,-122.433201,Sushi Restaurant,66
55,Presidio Heights,37.79028000000005,-122.45165999999995,Sociale,42fd3800f964a520f0261fe3,37.78689578253514,-122.45307962677398,Italian Restaurant,64
58,West Portal,37.739900000000034,-122.46748999999994,El Toreador,43179600f964a52069271fe3,37.740331993774404,-122.46655701002925,Mexican Restaurant,57
59,Eureka Valley,37.75750082266322,-122.43794033500338,Anchor Oyster Bar,432a0b00f964a520de271fe3,37.75970781524432,-122.43491032498481,Seafood Restaurant,265
62,Tenderloin,37.78513000000004,-122.41450999999995,Ryoko's Japanese Restaurant & Bar,433c8000f964a52043281fe3,37.788183,-122.411882,Sushi Restaurant,1167
64,South of Market,37.777570000000026,-122.40434999999997,Basil Thai Restaurant & Bar,435c2400f964a5200e291fe3,37.775388,-122.409253,Thai Restaurant,289
65,Haight-Ashbury,37.769930000000045,-122.44691999999998,Citrus Club,43695300f964a52084291fe3,37.76952569383398,-122.45160256349212,Asian Restaurant,120
66,Marina District,37.80315000000007,-122.43674999999996,Isa Restaurant,437d1980f964a520ae2a1fe3,37.80010933433361,-122.43770123314442,French Restaurant,106
68,Richmond District,37.78066000000007,-122.47088999999994,My Tofu House,4387a580f964a5200f2b1fe3,37.78077445718831,-122.46926680975493,Korean Restaurant,236
69,Mission Dolores,37.76481000000007,-122.42359999999996,Pancho Villa Taqueria,43917d6df964a5205c2b1fe3,37.76489031730813,-122.42108881473541,Mexican Restaurant,879
70,Pacific Heights,37.79291000000006,-122.43463999999994,La Méditerranée,43cc0e7df964a520c92d1fe3,37.79004921583882,-122.43402176457614,Mediterranean Restaurant,222
72,Lake Street,37.785060000000044,-122.46403999999995,Thai Time,43d69045f964a5204e2e1fe3,37.78255434673865,-122.46654701619725,Thai Restaurant,58
74,Mission Dolores,37.76481000000007,-122.42359999999996,Truly Mediterranean,43da737ff964a5207d2e1fe3,37.764900817893924,-122.42215206165373,Mediterranean Restaurant,185
75,Marina District,37.80315000000007,-122.43674999999996,Zushi Puzzle,43ee0337f964a5205b2f1fe3,37.80028810472512,-122.43309322861029,Sushi Restaurant,154
77,Mission District,37.759930000000054,-122.41807999999997,Cafe Ethiopia,43f0db4ff964a5207e2f1fe3,37.758922674566,-122.42134662714794,Ethiopian Restaurant,80
78,Embarcadero,37.79532000000006,-122.39393999999999,Hog Island Oyster Co.,43fed1fff964a520fe2f1fe3,37.79600874910789,-122.39357690993523,Seafood Restaurant,1163
80,Chinatown,37.795390000000054,-122.40811999999994,Hang Ah Tea Room,441c222df964a52051311fe3,37.79327789647472,-122.4073114009954,Dim Sum Restaurant,77
81,North of Panhandle,37.772550000000024,-122.44583999999998,Papalote Mexican Grill,4426e666f964a520b3311fe3,37.77588157851198,-122.44609044993082,Mexican Restaurant,146
82,Inner Sunset,37.762110000000064,-122.46885999999995,New Eritrea Restaurant & Bar,443fddaff964a52039321fe3,37.76393818133379,-122.46766258023246,Ethiopian Restaurant,143
83,Inner Sunset,37.762110000000064,-122.46885999999995,Yummy Yummy,443fde11f964a5203a321fe3,37.76389194844009,-122.46871700669196,Vietnamese Restaurant,160
84,Duboce Triangle,37.76932000000005,-122.43145999999996,Thep Phanom,4451c73cf964a520a3321fe3,37.771241605575014,-122.43032776416756,Thai Restaurant,47
85,Lower Haight,37.772730000000024,-122.43309999999997,Nopa,44646408f964a52026331fe3,37.774888,-122.437532,New American Restaurant,1676
86,Design District,37.77853007328749,-122.39321008050078,Mexico au Parc,44687d67f964a5204b331fe3,37.78214690472515,-122.39354427808826,Mexican Restaurant,135
87,Lower Nob Hill,37.78944000000007,-122.41453999999999,Rue Lepic,44931d76f964a5207b341fe3,37.790912678347404,-122.41076957699637,French Restaurant,17
88,Russian Hill,37.80203000000006,-122.41962999999998,Okoze Sushi,449b0faef964a520a1341fe3,37.7991907784842,-122.41926571621437,Sushi Restaurant,114
89,Duboce Triangle,37.76932000000005,-122.43145999999996,Woodhouse Fish Co.,44a4f50ef964a520e7341fe3,37.76777970212482,-122.42864613666231,Seafood Restaurant,441
90,Parnassus,37.76276000000007,-122.46045999999996,Koo,44a93c68f964a520f9341fe3,37.76427760419351,-122.46243910760548,Sushi Restaurant,126
91,Nob Hill,37.793360000000064,-122.41787,Swan Oyster Depot,44d1ef97f964a52031361fe3,37.790930790704444,-122.42075867425216,Seafood Restaurant,411
92,Russian Hill,37.80203000000006,-122.41962999999998,Aux Delices,44d8d38df964a5207b361fe3,37.7982998400568,-122.42234725064012,Vietnamese Restaurant,48
93,Cow Hollow,37.79825000000005,-122.43572999999998,Rose's Cafe,44f03c85f964a520f2371fe3,37.79703400320167,-122.43711629328334,Italian Restaurant,203
94,Lower Nob Hill,37.78944000000007,-122.41453999999999,Big 4 Restaurant,44f72e06f964a5204b381fe3,37.7914899311035,-122.41239296657055,American Restaurant,166
95,Nob Hill,37.793360000000064,-122.41787,Cordon Bleu,44f9e6a7f964a52071381fe3,37.790613045466124,-122.42029598589278,Vietnamese Restaurant,119
96,Anza Vista,37.78048000000007,-122.44357999999994,Green Chile Kitchen,44fbed60f964a52080381fe3,37.77736323565456,-122.44188173193396,Mexican Restaurant,405
97,Cow Hollow,37.79825000000005,-122.43572999999998,Bistro Aix,45058f03f964a52009391fe3,37.800223174674436,-122.43776238730307,French Restaurant,67
99,Lower Haight,37.772730000000024,-122.43309999999997,Club Waziema,4540d065f964a520423c1fe3,37.774681070094324,-122.4378144871454,Ethiopian Restaurant,60
100,Western Addition,37.780950000000075,-122.43221999999997,Alamo Square Seafood Grill,454b5351f964a520b43c1fe3,37.77700749865863,-122.43150142598337,Seafood Restaurant,47
101,Marina District,37.80315000000007,-122.43674999999996,Naked Fish,454f46f7f964a520d73c1fe3,37.80079463834339,-122.43796086534988,Sushi Restaurant,53
102,Financial District,37.795780000000036,-122.40047999999996,Kokkari Estiatorio,4570691ff964a5205c3e1fe3,37.79688301339759,-122.39965473755873,Greek Restaurant,857
105,Belden Place,37.7912745,-122.40378675000001,Perbacco,459b7818f964a52089401fe3,37.79328790074778,-122.39913383967941,Italian Restaurant,281
106,Mission Dolores,37.76481000000007,-122.42359999999996,Yamo,45bb98bcf964a520f4411fe3,37.76185545658074,-122.41963705033994,Burmese Restaurant,395
108,Castro,37.75849000000005,-122.43476999999996,Thai Chef,45cf863df964a520a2421fe3,37.76084802254604,-122.435761292625,Thai Restaurant,24
110,Jordan Park,37.784650000000056,-122.45664,Star India,45fed293f964a5208e441fe3,37.7812078988996,-122.4593669859706,Indian Restaurant,28
111,Lower Nob Hill,37.78944000000007,-122.41453999999999,Lahore Karahi,46200bfaf964a52082451fe3,37.785546233744164,-122.41502240207195,Indian Restaurant,151
114,Chinatown,37.795390000000054,-122.40811999999994,Mona Lisa Restaurant,463df059f964a52040461fe3,37.79854126651147,-122.40767274554639,Italian Restaurant,86
117,Dogpatch,37.75946000000005,-122.39035999999999,Hard Knox Cafe,46840627f964a5202d481fe3,37.757563568832296,-122.3883131891363,Southern / Soul Food Restaurant,249
118,Tenderloin,37.78513000000004,-122.41450999999995,Hải Ký Mì Gia,4697a079f964a520e8481fe3,37.78420682863829,-122.41791080836798,Vietnamese Restaurant,125
120,Castro,37.75849000000005,-122.43476999999996,Thai House Express,46a24448f964a52029491fe3,37.759368588947524,-122.43484238906379,Thai Restaurant,127
123,Japantown,37.785420000000045,-122.42971999999997,Kiss Seafood,46b3377df964a520a3491fe3,37.78677261614262,-122.42845804316957,Sushi Restaurant,36
125,Parnassus,37.76276000000007,-122.46045999999996,Lime Tree Southeast Asian Kitchen,471de6f7f964a520ba4b1fe3,37.76423729392707,-122.46276895397483,Asian Restaurant,102
126,Fillmore,37.78415997388794,-122.43316995614289,SPQR,4744d11ff964a520854c1fe3,37.78728690606852,-122.43360621510921,Italian Restaurant,352
129,Dogpatch,37.75946000000005,-122.39035999999999,Serpentine,47629427f964a520e54c1fe3,37.75808150267882,-122.38811373710631,American Restaurant,394
130,Ashbury Heights,37.76467000000008,-122.44586999999996,Grandeho's Kamekyo,47a7710ff964a5208c4d1fe3,37.76524152219527,-122.44997759160609,Sushi Restaurant,17
131,Lower Haight,37.772730000000024,-122.43309999999997,Uva Enoteca,48b5de88f964a520b7511fe3,37.77201109794026,-122.4315560597662,Italian Restaurant,214
134,Mission District,37.759930000000054,-122.41807999999997,San Jalisco,48fdd3d8f964a52055521fe3,37.75876703677013,-122.41683124630434,Mexican Restaurant,199
135,Parnassus,37.76276000000007,-122.46045999999996,Lavash,49b3268cf964a520e1521fe3,37.76410108238398,-122.4635154314012,Middle Eastern Restaurant,161
136,Belden Place,37.7912745,-122.40378675000001,Yank Sing,49b5b56af964a520fd521fe3,37.789826,-122.399495,Dim Sum Restaurant,396
137,Mission Dolores,37.76481000000007,-122.42359999999996,Panchita's Pupuseria Restaurant #2,49ba1cbdf964a5205d531fe3,37.764824,-122.421626,Latin American Restaurant,279
138,Cow Hollow,37.79825000000005,-122.43572999999998,Alegrias,49baf390f964a520ca531fe3,37.800049198869,-122.43474193504093,Spanish Restaurant,50
140,Inner Sunset,37.762110000000064,-122.46885999999995,Marnee Thai,49bb1b50f964a520d3531fe3,37.76520868151137,-122.4664750220258,Thai Restaurant,177
141,Design District,37.77853007328749,-122.39321008050078,Chili Lemon Garlic Thai Cafe,49c5c585f964a52023571fe3,37.78099977628684,-122.39636320908787,Thai Restaurant,45
142,Duboce Triangle,37.76932000000005,-122.43145999999996,El Castillito,49c6c22bf964a5207a571fe3,37.7687639,-122.4293081,Mexican Restaurant,301
143,North Beach,37.799090000000035,-122.40844999999996,Calzone's Pizza Cucina,49c9a70bf964a5208e581fe3,37.799048,-122.408195,Italian Restaurant,254
146,Hayes Valley,37.77428000000003,-122.42832999999996,Domo Sushi,49ce86fff964a520515a1fe3,37.775950987226544,-122.42615120612774,Sushi Restaurant,490
148,Marina District,37.80315000000007,-122.43674999999996,Pacific Catch,49d050a3f964a5201c5b1fe3,37.800667,-122.436775,Seafood Restaurant,250
150,Mid-Market,37.79098449478979,-122.39922052301995,Anchor & Hope,49d111f5f964a520575b1fe3,37.78770334136478,-122.39896963473885,Seafood Restaurant,475
151,Duboce Triangle,37.76932000000005,-122.43145999999996,Jasmine Garden,49d183b8f964a5208d5b1fe3,37.76769379927239,-122.42924321500816,Vietnamese Restaurant,216
152,Duboce Triangle,37.76932000000005,-122.43145999999996,L'Ardoise,49d30c0ff964a520e85b1fe3,37.766674548230164,-122.43326095822378,French Restaurant,201
154,Pacific Heights,37.79291000000006,-122.43463999999994,Chouquet's,49d64d88f964a520b25c1fe3,37.79158523287802,-122.43447894705898,French Restaurant,59
155,Little Saigon,37.78426,-122.417724,Morty's Delicatessen,49d66c4ef964a520c95c1fe3,37.78170972191677,-122.41524344957456,American Restaurant,36
159,Nob Hill,37.793360000000064,-122.41787,Olea,49da2865f964a520575e1fe3,37.7908686838535,-122.41900006220152,American Restaurant,140
160,Jackson Square,37.79708000000005,-122.39840999999996,Coi,49daac09f964a520a25e1fe3,37.798286594042985,-122.40352469475303,American Restaurant,108
163,Mission District,37.759930000000054,-122.41807999999997,Udupi Palace,49dad092f964a520b25e1fe3,37.75676871020177,-122.42108520192178,Indian Restaurant,340
164,Inner Sunset,37.762110000000064,-122.46885999999995,Pacific Catch,49dd5b31f964a520fe5f1fe3,37.76575706522955,-122.46632217005906,Seafood Restaurant,284
165,Little Saigon,37.78426,-122.417724,Lers Ros Thai,49dd8602f964a52018601fe3,37.78475865530321,-122.41781120656418,Thai Restaurant,731
167,Chinatown,37.795390000000054,-122.40811999999994,Taqueria Zorro,49de5ffdf964a52049601fe3,37.79800612884763,-122.4069727992469,Mexican Restaurant,64
170,Russian Hill,37.80203000000006,-122.41962999999998,La Folie,49e04b9af964a5204f611fe3,37.798147,-122.42201,French Restaurant,98
171,North Beach,37.799090000000035,-122.40844999999996,Tommaso's,49e05c38f964a52052611fe3,37.797806,-122.405316,Italian Restaurant,95
176,Mid-Market,37.79098449478979,-122.39922052301995,Akiko’s Restaurant & Sushi Bar,49e7e380f964a52027651fe3,37.790623,-122.404657,Sushi Restaurant,393
179,Little Saigon,37.78426,-122.417724,House of Thai,49e95478f964a520f1651fe3,37.786188482627075,-122.41816498658896,Thai Restaurant,111
182,Sea Cliff,37.78626000000003,-122.48517999999996,Hard Knox Cafe,49eb6c30f964a520d7661fe3,37.78199566969189,-122.48582180026017,Southern / Soul Food Restaurant,104
183,Rincon Hill,37.785748500000004,-122.3924445,Delancey Street Restaurant,49ec92dff964a5206a671fe3,37.7845679368031,-122.38845686331636,American Restaurant,161
185,Castro,37.75849000000005,-122.43476999999996,Kasa Indian Eatery,49ecf1def964a520b3671fe3,37.76104350446926,-122.43293051337922,Indian Restaurant,191
187,Lake Street,37.785060000000044,-122.46403999999995,Kitchen Istanbul,49ed2342f964a520cb671fe3,37.78294319653059,-122.46330393358751,Turkish Restaurant,137
188,Financial District South,37.795780000000036,-122.40047999999996,R&G Lounge 嶺南小館,49efa893f964a520e5681fe3,37.79407153466883,-122.40472405865627,Cantonese Restaurant,655
192,Mission Dolores,37.76481000000007,-122.42359999999996,El Toro Taqueria,49efc205f964a52004691fe3,37.76333630778487,-122.4219010406445,Mexican Restaurant,140
193,Little Saigon,37.78426,-122.417724,El Super Burrito,49f13df7f964a520a3691fe3,37.787846679584625,-122.4200723192896,Mexican Restaurant,61
194,Little Saigon,37.78426,-122.417724,Brenda's French Soul Food,49f356f8f964a5208a6a1fe3,37.782896409128426,-122.41889744997026,Southern / Soul Food Restaurant,1184
197,Noe Valley,37.75160000000005,-122.42907999999994,Peasant Pies,49f5f683f964a520e06b1fe3,37.751322665993854,-122.43447011232143,Restaurant,38
198,Belden Place,37.7912745,-122.40378675000001,Tadich Grill,49f67c43f964a520486c1fe3,37.793185959993274,-122.3992153997843,Seafood Restaurant,399
199,Russian Hill,37.80203000000006,-122.41962999999998,Amarena,49f75320f964a520826c1fe3,37.798003807051685,-122.42048005662232,Italian Restaurant,76
200,Mission Bay,37.76690000000008,-122.38978999999995,Peasant Pies,49f798cff964a520c26c1fe3,37.76884480586581,-122.39010461379029,American Restaurant,25
202,Inner Sunset,37.762110000000064,-122.46885999999995,Enjoy Vegetarian Restaurant,49f916c7f964a520606d1fe3,37.76027318870817,-122.4691326820007,Vegetarian / Vegan Restaurant,30
203,West Portal,37.739900000000034,-122.46748999999994,Roti Indian Bistro,49fa41c3f964a520e16d1fe3,37.74027348582191,-122.4663416193992,Indian Restaurant,68
204,Mission Dolores,37.76481000000007,-122.42359999999996,Pakwan,49fd1ce0f964a5200b6f1fe3,37.76489902919094,-122.42368140944069,Pakistani Restaurant,431
205,Cow Hollow,37.79825000000005,-122.43572999999998,Perry's,4a0499aaf964a5200d721fe3,37.797660967592364,-122.43127904143779,American Restaurant,144
206,Ashbury Heights,37.76467000000008,-122.44586999999996,Bambino's Ristorante,4a077c92f964a52064731fe3,37.765211388303435,-122.44996935421577,Italian Restaurant,25
207,Design District,37.77853007328749,-122.39321008050078,Little Skillet,4a0c561df964a52022751fe3,37.77889181818914,-122.39407145476254,Southern / Soul Food Restaurant,484
210,Cayuga Terrace,37.72300506949941,-122.43918145516166,Taquerias El Farolito,4a0e123af964a520c2751fe3,37.72122961664814,-122.43739536867459,Mexican Restaurant,99
211,Russian Hill,37.80203000000006,-122.41962999999998,Frascati,4a0f8354f964a52070761fe3,37.798278956210886,-122.41897443410139,Italian Restaurant,81
212,Inner Sunset,37.762110000000064,-122.46885999999995,Yumma's Mediterranean Grill,4a0f9701f964a52078761fe3,37.76407856225722,-122.46559609336906,Falafel Restaurant,42
214,Jackson Square,37.79708000000005,-122.39840999999996,Waterfront Restaurant,4a10af0af964a520f4761fe3,37.799346,-122.395618,Seafood Restaurant,171
216,Inner Sunset,37.762110000000064,-122.46885999999995,Park Gyros,4a10e48af964a52007771fe3,37.765789865650525,-122.46643062355781,Mediterranean Restaurant,68
217,Haight-Ashbury,37.769930000000045,-122.44691999999998,Siam Lotus Thai Cuisine,4a150ae5f964a52093781fe3,37.769495003337965,-122.45090094538122,Thai Restaurant,56
218,Noe Valley,37.75160000000005,-122.42907999999994,Hamano Sushi,4a19b62cf964a520387a1fe3,37.75085742670257,-122.4341215504447,Sushi Restaurant,79
219,Design District,37.77853007328749,-122.39321008050078,La Briciola,4a19b692f964a5203b7a1fe3,37.78151648840107,-122.39598957385486,Italian Restaurant,58
220,Jackson Square,37.79708000000005,-122.39840999999996,DELICA,4a1af485f964a520a87a1fe3,37.795556380547985,-122.39340796172814,Japanese Restaurant,122
222,Nob Hill,37.793360000000064,-122.41787,Allegro Romano,4a1f4d62f964a5201c7c1fe3,37.79683409087103,-122.41542040225445,Italian Restaurant,37
223,Fillmore,37.78415997388794,-122.43316995614289,Benkyodo,4a22141ff964a5205c7d1fe3,37.7864224820624,-122.43005263012587,Japanese Restaurant,105
226,South Park,37.78145000000006,-122.39385999999996,HRD,4a2937f2f964a52068951fe3,37.78104280505049,-122.39555929325681,Korean Restaurant,671
228,Bernal Heights,37.73903000000007,-122.41620999999998,Piqueo's,4a2debe9f964a52008981fe3,37.73890900918421,-122.41406056107112,Peruvian Restaurant,83
229,Pacific Heights,37.79291000000006,-122.43463999999994,Gamine,4a306c39f964a52067991fe3,37.797048104552175,-122.4359348443235,French Restaurant,138
231,Telegraph Hill,37.80175000000003,-122.40639999999996,Peña Pachamama,4a3087bbf964a52077991fe3,37.79979074167436,-122.41066430300056,South American Restaurant,32
233,Mission Dolores,37.76481000000007,-122.42359999999996,Taqueria Los Coyotes,4a335debf964a520299b1fe3,37.764967648133116,-122.42046485547546,Mexican Restaurant,206
234,South of Market,37.777570000000026,-122.40434999999997,Luce,4a34632ff964a5202c9c1fe3,37.781945,-122.404817,New American Restaurant,78
235,Cow Hollow,37.79825000000005,-122.43572999999998,Dragon Well,4a370901f964a520269e1fe3,37.800598018402574,-122.4386364552854,Chinese Restaurant,52
237,Parkside,37.73894000000007,-122.48389999999995,Kingdom of Dumpling,4a39a40bf964a520a69f1fe3,37.742675092234,-122.48467921243565,Dumpling Restaurant,323
238,North Beach,37.799090000000035,-122.40844999999996,Quince,4a3dd25bf964a520b1a21fe3,37.79741190944881,-122.40325807183305,New American Restaurant,194
243,Presidio Heights,37.79028000000005,-122.45165999999995,Magic Flute Ristorante,4a3e9f70f964a52027a31fe3,37.78732916317867,-122.45314856832933,American Restaurant,49
246,North of Panhandle,37.772550000000024,-122.44583999999998,Bistro Gambrinus,4a42e8c8f964a52066a61fe3,37.77567203663306,-122.44689848814848,Eastern European Restaurant,37
247,Hayes Valley,37.77428000000003,-122.42832999999996,Otoro Sushi,4a45ae19f964a52073a81fe3,37.77497378603595,-122.42290047871022,Sushi Restaurant,314
248,Financial District,37.795780000000036,-122.40047999999996,Hunan Home's Restaurant,4a47ee99f964a52053aa1fe3,37.79619251319602,-122.40558075645325,Chinese Restaurant,276
250,Tenderloin,37.78513000000004,-122.41450999999995,Sanraku,4a4acc3af964a52033ac1fe3,37.78877046964189,-122.41206745413582,Japanese Restaurant,410
252,South Beach,37.78630000000004,-122.39268999999996,Town Hall,4a4d0faaf964a52080ad1fe3,37.78943505121421,-122.39501292131817,American Restaurant,303
255,West Portal,37.739900000000034,-122.46748999999994,Mozzarella di Bufala,4a4d27d0f964a5209aad1fe3,37.7399885325088,-122.46653686048079,Brazilian Restaurant,44
256,Japantown,37.785420000000045,-122.42971999999997,Florio,4a516a11f964a52006b11fe3,37.78749587366603,-122.43362202570236,Italian Restaurant,54
259,Financial District South,37.795780000000036,-122.40047999999996,Yo Yo's,4a53b54af964a520a4b21fe3,37.79767960100749,-122.40110996822365,Japanese Restaurant,33
262,Bernal Heights,37.73903000000007,-122.41620999999998,Tacos Los Altos,4a57fd7ef964a52031b71fe3,37.73895157202308,-122.41499929126603,Mexican Restaurant,25
263,Cow Hollow,37.79825000000005,-122.43572999999998,Terzo,4a59485af964a5202cb91fe3,37.79709262453753,-122.43723592097093,Italian Restaurant,116
264,Noe Valley,37.75160000000005,-122.42907999999994,Fresca,4a5a59b5f964a52033ba1fe3,37.751508962333716,-122.43069125608424,Peruvian Restaurant,81
265,Mission Dolores,37.76481000000007,-122.42359999999996,Taqueria el Buen Sabor,4a5a98c5f964a5209fba1fe3,37.76176187868646,-122.42157018792683,Mexican Restaurant,226
267,Little Saigon,37.78426,-122.417724,Sai Jai Thai,4a5e0610f964a520eabd1fe3,37.785106,-122.417399,Thai Restaurant,113
269,Richmond District,37.78066000000007,-122.47088999999994,Ariake Sushi Bar,4a5ea637f964a520f9be1fe3,37.780532256479496,-122.4735794340479,Sushi Restaurant,34
270,Union Square,37.78782000000007,-122.40747999999996,Tropisueño,4a5f8994f964a520d5bf1fe3,37.7853583,-122.40405,Mexican Restaurant,1191
271,Jackson Square,37.79708000000005,-122.39840999999996,La Mar,4a625b58f964a520d6c31fe3,37.797398376022706,-122.39510258312372,Peruvian Restaurant,895
273,Mission Terrace,37.725730000000055,-122.43917999999996,Burger King,4a6393bdf964a5205bc51fe3,37.72171166,-122.4372806,Fast Food Restaurant,9
275,Presidio Heights,37.79028000000005,-122.45165999999995,Spruce,4a64a8f4f964a5206cc61fe3,37.787550895345944,-122.45277727289712,New American Restaurant,353
278,Nob Hill,37.793360000000064,-122.41787,Bamboo Restaurant,4a66a7ddf964a520cac81fe3,37.79016541211118,-122.42067459183998,Chinese Restaurant,26
279,Sunset District,37.753480000000025,-122.49414999999999,S&T Hong Kong Seafood,4a67ca5bf964a5200fca1fe3,37.75370241972955,-122.49127836453927,Dim Sum Restaurant,56
280,Embarcadero,37.79532000000006,-122.39393999999999,Orale Orale Mexican Restaurant,4a68c5b0f964a520fbca1fe3,37.794487,-122.396838,Mexican Restaurant,39
285,West Portal,37.739900000000034,-122.46748999999994,Bursa,4a692042f964a520a5cb1fe3,37.74026659049715,-122.46665033388484,Mediterranean Restaurant,66
286,Mission Terrace,37.725730000000055,-122.43917999999996,Mexico Tipico,4a6b8478f964a520ecce1fe3,37.72501226746621,-122.43447912554541,Mexican Restaurant,11
288,Fisherman's Wharf,37.80655000000007,-122.40624999999994,Hard Rock Cafe San Francisco,4a6b9ea9f964a52063cf1fe3,37.808765,-122.4098099,American Restaurant,700
289,Ingleside Terraces,37.724510000000066,-122.46731999999997,Emmy's Chinese Restaurant,4a6bd303f964a52003d01fe3,37.72547271316392,-122.4628205280536,Chinese Restaurant,7
290,Embarcadero,37.79532000000006,-122.39393999999999,Oasis Grill,4a6f5d0ef964a520fdd51fe3,37.79448295699703,-122.39671156917977,Mediterranean Restaurant,279
295,Presidio Heights,37.79028000000005,-122.45165999999995,Garibaldi's,4a712f71f964a5202cd91fe3,37.788386561967066,-122.44712996863429,American Restaurant,60
297,Parnassus,37.76276000000007,-122.46045999999996,You See Sushi,4a7345b9f964a520fcdb1fe3,37.76239742485084,-122.46270403543832,Sushi Restaurant,20
298,Outer Sunset,37.75302000000005,-122.50379999999996,Toyose,4a73619af964a52050dc1fe3,37.75307688473011,-122.50469313673902,Korean Restaurant,240
299,Lower Pacific Heights,37.78693000000004,-122.43427999999994,Woodhouse Fish Co.,4a73b153f964a52035dd1fe3,37.787487151946856,-122.43352109917046,Seafood Restaurant,326
302,Parkside,37.73894000000007,-122.48389999999995,Taraval Okazu Ya Restaurant,4a750e56f964a5206ae01fe3,37.74263262683155,-122.48491223345114,Sushi Restaurant,33
303,Presidio Heights,37.79028000000005,-122.45165999999995,Rigolo Café,4a7852a8f964a52064e51fe3,37.78653755191392,-122.4511042213611,French Restaurant,45
304,Chinatown,37.795390000000054,-122.40811999999994,Capital Restaurant,4a788bcdf964a520d9e51fe3,37.79414547859496,-122.40712128481466,Chinese Restaurant,54
305,Richmond District,37.78066000000007,-122.47088999999994,Tawan's Thai Food,4a7decacf964a52034f01fe3,37.78085460224743,-122.46663646303793,Thai Restaurant,24
306,Lakeshore,37.729850000000056,-122.49416999999994,YUYU Sushi,4a809dc6f964a520b6f51fe3,37.733054811945415,-122.49070261672016,Sushi Restaurant,6
307,North of Panhandle,37.772550000000024,-122.44583999999998,Jannah,4a8186d0f964a520d2f61fe3,37.77588496769641,-122.44598112171919,Middle Eastern Restaurant,23
308,Bernal Heights,37.73903000000007,-122.41620999999998,Little Nepal,4a862f58f964a520b40020e3,37.73897123189891,-122.41368458026369,Indian Restaurant,41
309,Lake Street,37.785060000000044,-122.46403999999995,Halu,4a865e24f964a520fe0020e3,37.78252610771882,-122.46652782932539,Japanese Restaurant,201
311,Duboce Triangle,37.76932000000005,-122.43145999999996,Warakubune Sushi Restaurant,4a88b5b1f964a520720720e3,37.766000794720576,-122.42882348490592,Sushi Restaurant,88
312,Westwood Park,37.72813000000008,-122.45815999999996,Golden China Restaurant 永華(金華)飯店,4a8a3417f964a520050a20e3,37.72474083047484,-122.45942859830683,Chinese Restaurant,9
313,Richmond District,37.78066000000007,-122.47088999999994,Dragon River Restaurant,4a8a36d1f964a5200c0a20e3,37.780397,-122.47368,Chinese Restaurant,7
314,Financial District South,37.795780000000036,-122.40047999999996,Golden Star Vietnamese Restaurant,4a8b2acff964a520a00b20e3,37.79452637823364,-122.40560257441966,Vietnamese Restaurant,252
317,Parkside,37.73894000000007,-122.48389999999995,Riverside Seafood Restaurant,4a918d27f964a520a81a20e3,37.73904599667219,-122.47982160257273,Dim Sum Restaurant,25
318,Mission Terrace,37.725730000000055,-122.43917999999996,Beijing Restaurant 北京小馆,4a91a3faf964a520171b20e3,37.723599683798,-122.43719187724251,Chinese Restaurant,35
320,Little Saigon,37.78426,-122.417724,Pakwan Indian Restaurant,4a9323a3f964a520ea1e20e3,37.78575156754699,-122.41294508770703,Indian Restaurant,52
323,Saint Francis Wood,37.734650000000045,-122.46802999999994,Fuji,4a944e31f964a520262120e3,37.73795125422459,-122.4690253040103,Sushi Restaurant,35
325,Mid-Market,37.79098449478979,-122.39922052301995,Ayola,4a947cccf964a520c42120e3,37.78717663557209,-122.40022396373897,Greek Restaurant,133
326,Saint Francis Wood,37.734650000000045,-122.46802999999994,Xiao Loong,4a949863f964a520192220e3,37.738419703344725,-122.46872651738926,Chinese Restaurant,14
328,Lone Mountain,37.77791000000008,-122.45261999999997,Thai Cafe - Geary Boulevard,4a9593cef964a520be2320e3,37.78139407088992,-122.45550063410467,Thai Restaurant,15
329,Saint Francis Wood,37.734650000000045,-122.46802999999994,Clay Oven Indian Restaurant,4a95955af964a520c52320e3,37.736739482014684,-122.4703264867101,Indian Restaurant,23
331,Lower Nob Hill,37.78944000000007,-122.41453999999999,Cocobang,4a960947f964a520de2520e3,37.787655411114486,-122.41166941036637,Korean Restaurant,252
333,Lake Street,37.785060000000044,-122.46403999999995,Little Vietnam Cafe,4a999200f964a520202f20e3,37.78263504263651,-122.46444204376238,Vietnamese Restaurant,68
334,Outer Sunset,37.75302000000005,-122.50379999999996,Hong's Kitchen,4a9d838ff964a520633820e3,37.7528701559139,-122.50564686611975,Chinese Restaurant,4
335,Duboce Triangle,37.76932000000005,-122.43145999999996,Casa Mexicana,4aa70d63f964a520df4b20e3,37.768059321531446,-122.42908136675439,Mexican Restaurant,48
336,Jordan Park,37.784650000000056,-122.45664,Pancho's Mexican Grill,4aa81f47f964a520734f20e3,37.781342426906534,-122.45620578706296,Mexican Restaurant,35
338,Nob Hill,37.793360000000064,-122.41787,Venticello,4aaaf29ef964a520395820e3,37.794303393322515,-122.41311910028968,Italian Restaurant,59
340,Nob Hill,37.793360000000064,-122.41787,Crustacean,4aab1080f964a520c65820e3,37.79031489058919,-122.42084672149132,Vietnamese Restaurant,127
341,Fisherman's Wharf,37.80655000000007,-122.40624999999994,Crab House at Pier 39,4aab2426f964a5201d5920e3,37.809361697644135,-122.41044185347539,Seafood Restaurant,341
342,Inner Sunset,37.762110000000064,-122.46885999999995,San Tung Chinese Restaurant 山東小館 (San Tung Chinese Restaurant),4ab0402ff964a520ad6620e3,37.763858689140754,-122.4690140955825,Chinese Restaurant,538
343,North Beach,37.799090000000035,-122.40844999999996,Dim Sum Bistro,4ab29f1ef964a520ad6b20e3,37.79765221441942,-122.40819220532033,Chinese Restaurant,18
346,Noe Valley,37.75160000000005,-122.42907999999994,Lupa Trattoria,4ab7e395f964a520597b20e3,37.75125633871735,-122.43448585803482,Italian Restaurant,72
347,Richmond District,37.78066000000007,-122.47088999999994,Korean Village Wooden Charcoal BBQ House,4ab820faf964a5204d7c20e3,37.78078308646978,-122.46876581088208,Korean Restaurant,47
348,Sunset District,37.753480000000025,-122.49414999999999,Cheung Hing,4abd79c6f964a5208e8a20e3,37.75374966122286,-122.48891064213227,Chinese Restaurant,36
349,Marina District,37.80315000000007,-122.43674999999996,Ristorante Parma,4abed7e5f964a5203b9020e3,37.80003023853594,-122.43770343688263,Italian Restaurant,27
350,Outer Mission,37.71240000000006,-122.44912999999997,Reina's Restaurant,4ac169e0f964a520159720e3,37.712964536734695,-122.44440749235383,Latin American Restaurant,6
351,Balboa Terrace,37.73180000000008,-122.46739999999994,Jitra Thai Cuisine,4ac56904f964a520ebb120e3,37.73147688423678,-122.47294105831214,Thai Restaurant,1
352,Nob Hill,37.793360000000064,-122.41787,Thai Thai Noodle,4ac79df7f964a52081b820e3,37.79096803834082,-122.41744408740047,Thai Restaurant,36
353,Fillmore,37.78415997388794,-122.43316995614289,Out The Door,4ac80a3cf964a52051bb20e3,37.786998352463286,-122.4340120335097,Vietnamese Restaurant,298
356,Financial District,37.795780000000036,-122.40047999999996,Caffè Macaroni,4aca5050f964a52060c120e3,37.79622898232179,-122.40435531759682,Italian Restaurant,64
358,Union Square,37.78782000000007,-122.40747999999996,Amber,4acab395f964a520d8c220e3,37.785967464712556,-122.40456727431445,North Indian Restaurant,487
359,Lakeside,37.724330000000066,-122.47383999999994,Taqueria Girasol,4acb90adf964a52057c420e3,37.722120952344994,-122.4787734278774,Mexican Restaurant,4
360,Chinatown,37.795390000000054,-122.40811999999994,Kam Po Kitchen,4ad8eb0bf964a520f71521e3,37.797224,-122.410296,Chinese Restaurant,40
362,Outer Mission,37.71240000000006,-122.44912999999997,Patio Español,4ada65fdf964a520442221e3,37.71270312682379,-122.45188433378084,Spanish Restaurant,16
363,Sunset District,37.753480000000025,-122.49414999999999,Quan Ngon Vietnamese Noodle House,4adbc834f964a5209c2a21e3,37.75362370499304,-122.4905493004206,Vietnamese Restaurant,46
364,Mission Dolores,37.76481000000007,-122.42359999999996,Limón Rotisserie,4adc91adf964a520572d21e3,37.764431,-122.421989,Peruvian Restaurant,494
365,Sunset District,37.753480000000025,-122.49414999999999,Ming Tai Wun Tun Noodle,4ae02b3ff964a520487e21e3,37.753544250616294,-122.49021938298382,Chinese Restaurant,12
366,North Beach,37.799090000000035,-122.40844999999996,Good Mong Kok Bakery,4ae332f8f964a520959121e3,37.795458712845154,-122.40818052928776,Dim Sum Restaurant,266
368,Bernal Heights,37.73903000000007,-122.41620999999998,VinoRosso,4ae4ff0cf964a520f49f21e3,37.73901245660888,-122.41534272358848,Italian Restaurant,45
369,Polk Gulch,37.77970830920334,-122.41848101246387,Phở 2000,4ae65f18f964a520bda621e3,37.78389589839736,-122.41778706363343,Vietnamese Restaurant,166
370,North Beach,37.799090000000035,-122.40844999999996,Sotto Mare Oysteria and Seafood Restaurant,4aebaaccf964a52042c421e3,37.799624753044924,-122.40835693948438,Seafood Restaurant,421
373,Embarcadero,37.79532000000006,-122.39393999999999,Ozumo,4aebd409f964a520e9c421e3,37.7926439,-122.3922179,Japanese Restaurant,446
374,Mission Dolores,37.76481000000007,-122.42359999999996,Delfina,4af303e1f964a520cee921e3,37.76152767594501,-122.42427237470002,Italian Restaurant,366
375,Parkside,37.73894000000007,-122.48389999999995,T28 Bakery and Cafe,4af9013ff964a520cf1022e3,37.74255955704313,-122.48528384519466,Chinese Restaurant,9
376,Fisherman's Wharf,37.80655000000007,-122.40624999999994,Chowders,4aff1091f964a520b53322e3,37.809092261940044,-122.41005903126526,Seafood Restaurant,99
377,Cayuga Terrace,37.72300506949941,-122.43918145516166,Hawaiian Drive Inn #28,4aff274cf964a5200b3522e3,37.72114068878443,-122.43738942911332,Restaurant,13
378,Westwood Park,37.72813000000008,-122.45815999999996,Taqueria El Jalapeño,4aff4744f964a520d53622e3,37.72425050639076,-122.45715022988013,Mexican Restaurant,7
380,Japantown,37.785420000000045,-122.42971999999997,Dosa,4aff8b4af964a520663922e3,37.785312982088094,-122.43285890464635,Indian Restaurant,561
384,Westwood Highlands,37.73318000000006,-122.45449999999994,K's Kitchen,4b039d7af964a520e74f22e3,37.731470220252476,-122.4523781625996,Sushi Restaurant,22
386,Parkside,37.73894000000007,-122.48389999999995,Just Won Ton,4b04b453f964a520385622e3,37.738953,-122.480425,Chinese Restaurant,14
387,Jordan Park,37.784650000000056,-122.45664,Picnix,4b05c113f964a5207ce222e3,37.787102074927084,-122.45637327432632,American Restaurant,8
389,Telegraph Hill,37.80175000000003,-122.40639999999996,The House,4b0a2fe5f964a520492223e3,37.79843404606063,-122.40718731925823,Asian Restaurant,344
392,Lower Nob Hill,37.78944000000007,-122.41453999999999,L'ottavo Ristorante,4b11f354f964a520648723e3,37.78895006362137,-122.41175317877553,Italian Restaurant,23
393,Bayview,37.73345000000006,-122.38997999999998,Las Isletas,4b130e19f964a520709323e3,37.73707171666667,-122.390221,Latin American Restaurant,4
394,Westwood Park,37.72813000000008,-122.45815999999996,Jojo's Cafe 茶餐廳,4b1d5ebcf964a5207a0f24e3,37.724362493737296,-122.45892593406104,Asian Restaurant,12
395,Cayuga Terrace,37.72300506949941,-122.43918145516166,Taqueria Guadalajara,4b244110f964a520c76424e3,37.7212324569519,-122.43763599260711,Mexican Restaurant,82
396,Telegraph Hill,37.80175000000003,-122.40639999999996,Baonecci Ristorante,4b24598cf964a5204a6624e3,37.79969698045158,-122.4077831292636,Italian Restaurant,93
399,North Beach,37.799090000000035,-122.40844999999996,Don Pisto's,4b2956f6f964a5202e9d24e3,37.800647273904026,-122.40794639602059,Mexican Restaurant,378
401,Mission District,37.759930000000054,-122.41807999999997,La Oaxaqueña Bakery & Restaurant,4b2c4865f964a5202cc524e3,37.76296775573788,-122.41955815011012,Mexican Restaurant,61
403,Bernal Heights,37.73903000000007,-122.41620999999998,Vega,4b2edd7df964a520a2e724e3,37.7391742135669,-122.41743951497574,Italian Restaurant,64
404,Financial District South,37.795780000000036,-122.40047999999996,Enjoy Vegetarian Restaurant,4b391baef964a520605625e3,37.79583330118931,-122.40509327113475,Vegetarian / Vegan Restaurant,88
406,Lakeside,37.724330000000066,-122.47383999999994,Tokyo Express,4b3a6303f964a520246625e3,37.72782486735322,-122.47678254485152,Japanese Restaurant,17
407,Cayuga Terrace,37.72300506949941,-122.43918145516166,La Taqueria Menudo,4b3af79cf964a5200a7025e3,37.724785539207716,-122.43467931311162,Mexican Restaurant,7
410,Cayuga Terrace,37.72300506949941,-122.43918145516166,Super Star Restaurant,4b3d2bc9f964a520808f25e3,37.719681231383234,-122.43859760247562,Filipino Restaurant,12
411,Sea Cliff,37.78626000000003,-122.48517999999996,India Clay Oven,4b4037e0f964a520efb625e3,37.782139112271736,-122.48556292180825,Indian Restaurant,11
412,Tenderloin,37.78513000000004,-122.41450999999995,Taqueria Castillo B,4b467d19f964a520742226e3,37.78092401408755,-122.41335251406124,Mexican Restaurant,25
413,Belden Place,37.7912745,-122.40378675000001,Barbacco,4b47a128f964a520203826e3,37.79321106834001,-122.399090115992,Italian Restaurant,206
414,Mission District,37.759930000000054,-122.41807999999997,Gracias Madre,4b4955ccf964a520b86d26e3,37.761484,-122.419144,Mexican Restaurant,764
415,Parkside,37.73894000000007,-122.48389999999995,King of Thai Noodle,4b53f6f0f964a520a3af27e3,37.74260430340167,-122.48284771136154,Thai Restaurant,38
416,Lone Mountain,37.77791000000008,-122.45261999999997,Twilight Cafe,4b57719af964a520c43728e3,37.77572073222459,-122.45500582918723,Middle Eastern Restaurant,10
417,Ingleside,37.723020000000076,-122.45214999999996,The Lunchbox,4b609d00f964a52048f029e3,37.72568375429938,-122.44973992384415,American Restaurant,5
418,Bayview,37.73345000000006,-122.38997999999998,Auntie April's Chicken & Waffles,4b6c92d4f964a52015442ce3,37.73611508884312,-122.39046651543963,Southern / Soul Food Restaurant,35
419,Inner Sunset,37.762110000000064,-122.46885999999995,Izakaya Sozai,4b6cdf81f964a520ba5a2ce3,37.76375789663464,-122.47406176406999,Japanese Restaurant,426
420,Ashbury Heights,37.76467000000008,-122.44586999999996,cookwithjames,4b6cec46f964a5201a5e2ce3,37.767981,-122.44513400000001,Italian Restaurant,2
422,Polk Gulch,37.77970830920334,-122.41848101246387,Zen Yai Thai,4b6cfef3f964a52024622ce3,37.78416117171062,-122.41909451046384,Thai Restaurant,142
424,China Basin,37.77609000000007,-122.39374999999995,Marlowe,4b71ed7af964a520b3642de3,37.778288844375226,-122.39668464082726,New American Restaurant,985
427,Little Saigon,37.78426,-122.417724,Golden Kim Tar Restaurant,4b787e79f964a5201bd22ee3,37.78192531938754,-122.41735059706794,Chinese Restaurant,12
428,Parkside,37.73894000000007,-122.48389999999995,Dumpling Kitchen,4b78acfdf964a52063dd2ee3,37.74249006365133,-122.48705915184706,Dumpling Restaurant,213
429,Westwood Park,37.72813000000008,-122.45815999999996,Lucky Ocean Cafe,4b7c47dbf964a52061892fe3,37.72427850937056,-122.45817215659676,Vietnamese Restaurant,2
430,Sunset District,37.753480000000025,-122.49414999999999,Mongkok Dim Sum,4b807d22f964a520027730e3,37.75375798966944,-122.49004604482275,Dim Sum Restaurant,8
431,Cole Valley,37.76532000000003,-122.44986999999998,Ploy II Thai Cuisine,4b89f389f964a520425832e3,37.76951420864688,-122.45139977574978,Thai Restaurant,71
433,Bayview,37.73345000000006,-122.38997999999998,Frisco Fried,4b944e5df964a520d77334e3,37.73106424697719,-122.39208914289362,Southern / Soul Food Restaurant,24
434,Islais Creek,37.747430000000065,-122.38774999999998,Mariposa Cafeteria,4b98a031f964a5204c4935e3,37.751690283641416,-122.3884076342015,Asian Restaurant,7
435,Sunset District,37.753480000000025,-122.49414999999999,Oriental Seafood Restaurant,4b9a1de6f964a520a29f35e3,37.75374105334509,-122.49083694239613,Chinese Restaurant,9
436,Embarcadero,37.79532000000006,-122.39393999999999,Mariposa Baking Co.,4b9c0408f964a520124136e3,37.795123226096166,-122.39314018757746,Gluten-free Restaurant,78
437,Duboce Triangle,37.76932000000005,-122.43145999999996,Two Jacks Seafood,4ba13eabf964a5207ea537e3,37.772308634990516,-122.42897636911994,Southern / Soul Food Restaurant,11
438,Nob Hill,37.793360000000064,-122.41787,Dunya,4bb6e903941ad13a582620e3,37.79172317597922,-122.4209410670562,Mediterranean Restaurant,133
439,Fisherman's Wharf,37.80655000000007,-122.40624999999994,Fog Harbor Fish House,4bb78e967421a59307a6c040,37.808903545091106,-122.41037933382874,Seafood Restaurant,526
440,Sea Cliff,37.78626000000003,-122.48517999999996,Patpong Thai,4bb7a2ed7421a59330cbc040,37.78197982319969,-122.48522947897378,Thai Restaurant,6
441,China Basin,37.77609000000007,-122.39374999999995,Monkey To Go,4bbcdc2af57ba5931658adb9,37.77972843707615,-122.39472362920695,Thai Restaurant,6
443,Laguna Honda,37.750999922797234,-122.46122578186481,Sushi Shoh,4bbeb34230c99c74243e5411,37.74728553852345,-122.45945401103356,Japanese Restaurant,7
445,Haight-Ashbury,37.769930000000045,-122.44691999999998,Parada 22,4bc3a2f974a9a5931edad4f6,37.769290553430665,-122.45211083196926,Caribbean Restaurant,273
447,West Portal,37.739900000000034,-122.46748999999994,New Tsing Tao,4bccd3e4937ca593f6d7ab92,37.74075798012578,-122.46543279881652,Chinese Restaurant,13
448,Sunset District,37.753480000000025,-122.49414999999999,Tak Kee Lee,4bd38485a8b3a593483a6a5f,37.753568899541406,-122.48998286093243,Chinese Restaurant,9
449,Mission Dolores,37.76481000000007,-122.42359999999996,Pica Pica Arepa Kitchen,4bd9c88767b49c74d89d2214,37.766487,-122.421949,Arepa Restaurant,334
450,Ingleside,37.723020000000076,-122.45214999999996,La Parilla,4bdf80d3ffdec9287e5deca1,37.72347399577901,-122.45485964140418,Mexican Restaurant,1
451,Mission District,37.759930000000054,-122.41807999999997,Heirloom Café,4be39634b02ec9b68f0f50c0,37.75727972347313,-122.41467643340863,New American Restaurant,263
452,Dogpatch,37.75946000000005,-122.39035999999999,Poco Dolce,4be4aa8acf200f479f51123c,37.758943636824014,-122.38823955598652,Restaurant,4
453,West Portal,37.739900000000034,-122.46748999999994,Spiazzo Ristorante,4be72d932457a593b8a6ad15,37.74049906835031,-122.46611414213069,Italian Restaurant,35
454,South Park,37.78145000000006,-122.39385999999996,Gilroy Garlic Fries,4beb72cd415e20a1556de6bb,37.778840671430665,-122.38971665025038,Fast Food Restaurant,8
457,Cayuga Terrace,37.72300506949941,-122.43918145516166,Los Planes De Renderos,4bf04c36c8d920a103b39430,37.7229538474373,-122.4356278179992,Latin American Restaurant,5
460,Bayview,37.73345000000006,-122.38997999999998,Peking Wok Restaurant,4bf1ef82a09076b021f429d4,37.733792,-122.391341,Chinese Restaurant,2
461,Financial District,37.795780000000036,-122.40047999999996,Z & Y Restaurant,4bf20c757077952137a63e7c,37.79611214947366,-122.40607799181394,Szechuan Restaurant,458
463,Lake Street,37.785060000000044,-122.46403999999995,B★Star Cafe,4c0095c6379020a128d1467f,37.78307579704211,-122.46068957365013,Burmese Restaurant,373
465,Sea Cliff,37.78626000000003,-122.48517999999996,Sakura Sushi,4c02d66539d476b074432fa7,37.782226,-122.485776,Sushi Restaurant,1
466,Belden Place,37.7912745,-122.40378675000001,Wayfare Tavern,4c05a764191f20a11473e314,37.793903,-122.402272,New American Restaurant,823
471,South Beach,37.78630000000004,-122.39268999999996,Prospect,4c09054ca1b32d7fb1e296f0,37.789823,-122.391007,New American Restaurant,302
473,Lower Nob Hill,37.78944000000007,-122.41453999999999,Sons & Daughters,4c09b60c340720a11f5b8593,37.790104287604734,-122.40910803419737,American Restaurant,107
476,Hayes Valley,37.77428000000003,-122.42832999999996,Sushi Zone,4c1f9a12b306c92885ad68b7,37.77136043175423,-122.42401374605143,Sushi Restaurant,142
477,Noe Valley,37.75160000000005,-122.42907999999994,The Little Chihuahua,4c21afbe34faef3b6f79586d,37.751221384508725,-122.43463813052745,Mexican Restaurant,182
478,Oceanview,37.71446000000003,-122.45904999999999,Crepe & Curry,4c3e2d870e0d0f470030157f,37.711442224300484,-122.45565024501306,Thai Restaurant,0
479,Mission Terrace,37.725730000000055,-122.43917999999996,Sweet Delight Bakery,4c534615f5f3d13a995c35f8,37.726203000000005,-122.43398400000001,Chinese Restaurant,6
480,Eureka Valley,37.75750082266322,-122.43794033500338,Takara Sushi,4c57a560d12a20a1755567bd,37.760811071494274,-122.43677362263676,Japanese Restaurant,54
483,Parkside,37.73894000000007,-122.48389999999995,8 Immortals Restaurant,4c709e86d274b60c9075da0d,37.742713108155854,-122.48171998903918,Chinese Restaurant,7
484,South Park,37.78145000000006,-122.39385999999996,Twenty Five Lusk,4c72eddd0e23b1f784201fdc,37.77835953523223,-122.39432598705707,New American Restaurant,425
485,Mid-Market,37.79098449478979,-122.39922052301995,Michael Mina,4cae131abf70236aa86305f9,37.7934609,-122.3996416,American Restaurant,182
490,Jackson Square,37.79708000000005,-122.39840999999996,Cotogna,4cd0a38e5b5ca35de6317df0,37.797345664268256,-122.40362430843288,Italian Restaurant,673
495,Sunnydale,37.712262836734205,-122.41739106632298,Montecristo Resturant,4cd5cd9eb2a4370461b78044,37.708689,-122.420672,Mexican Restaurant,0
496,Tenderloin,37.78513000000004,-122.41450999999995,Mộng Thu,4cdf14a1ffcf3704523e1782,37.783241939099106,-122.41591291992606,Vietnamese Restaurant,18
499,Parkside,37.73894000000007,-122.48389999999995,G Cube Cafe,4ce76a9a595cb1f72caac214,37.74289485631726,-122.48381125393172,Japanese Restaurant,15
500,Mission Terrace,37.725730000000055,-122.43917999999996,Henry's Hunan Restaurant,4ceec3b83b03f04de88d3bdc,37.72218603642267,-122.43659651808754,Hunan Restaurant,18
503,Sunnydale,37.712262836734205,-122.41739106632298,Nick's Kitchen,4cfad1df7f2db1f702ec29d4,37.70784927145116,-122.41782954868002,Asian Restaurant,15
504,Bayview,37.73345000000006,-122.38997999999998,Old Skool Cafe,4d0401f454d0236aa38cecd5,37.734287466157845,-122.39046194443416,Southern / Soul Food Restaurant,19
505,Russian Hill,37.80203000000006,-122.41962999999998,Leopold's,4d0549672f96f04d94382254,37.79883741766174,-122.42234170651676,Austrian Restaurant,263
506,Cayuga Terrace,37.72300506949941,-122.43918145516166,Pupuseria Metapán,4d0ed2065b8a8cfa0c8fec83,37.721872,-122.436578,Latin American Restaurant,6
509,Cow Hollow,37.79825000000005,-122.43572999999998,Atelier Crenn,4d35122d8c42a1cd7c9e005e,37.79840319043433,-122.43583494939686,French Restaurant,151
510,Belden Place,37.7912745,-122.40378675000001,Sushirrito,4d361dbd068da090bd0cc782,37.788117,-122.401082,Sushi Restaurant,377
511,Lower Haight,37.772730000000024,-122.43309999999997,Palmyra,4d40d13acb84b60c78c489ab,37.771748720188974,-122.43382539364248,Mediterranean Restaurant,149
513,Richmond District,37.78066000000007,-122.47088999999994,Express Pupuseria,4d47b3724e7a6ea8f9166e32,37.78079815389437,-122.46987330872616,Salvadoran Restaurant,11
514,Bayview,37.73345000000006,-122.38997999999998,JJ Fish & Chicken,4d76aae2b483a0932ebe9305,37.7322674,-122.3918895,Southern / Soul Food Restaurant,16
515,Richmond District,37.78066000000007,-122.47088999999994,Dong Bei Mama,4d856c8640a7a35d677421be,37.78056587443255,-122.47036616317281,Chinese Restaurant,41
516,Polk Gulch,37.77970830920334,-122.41848101246387,Nojo Ramen Tavern,4d8eabc7d265236af9a71017,37.776636596637324,-122.42127005612625,Ramen Restaurant,351
518,Lower Pacific Heights,37.78693000000004,-122.43427999999994,Bun Mee,4d91323e033ba35dab886b0d,37.78818300368051,-122.43377393911459,Vietnamese Restaurant,191
521,Mission Dolores,37.76481000000007,-122.42359999999996,Locanda,4db22d538154f5a745d9c093,37.764088189921914,-122.4217689545019,Italian Restaurant,510
522,Outer Mission,37.71240000000006,-122.44912999999997,Mission Cafe & Deli,4dc485eeae608779d1241f5a,37.713072,-122.443977,Chinese Restaurant,0
523,South of Market,37.777570000000026,-122.40434999999997,Turtle Tower #3,4ddc50bbd164236dd371b0b7,37.77616261754346,-122.40241960013297,Vietnamese Restaurant,170
524,South of Market,37.777570000000026,-122.40434999999997,Box Kitchen,4dfd856d483b96a3aaa9eb34,37.7811581,-122.4062434,American Restaurant,290
525,Richmond District,37.78066000000007,-122.47088999999994,Sichuan Home,4e041583ae60ed89a801512d,37.780505082785105,-122.47353982387773,Chinese Restaurant,79
526,Inner Sunset,37.762110000000064,-122.46885999999995,Manna,4e0a83f41495b12d82382c71,37.7639546476362,-122.46724520885711,Korean Restaurant,254
527,Oceanview,37.71446000000003,-122.45904999999999,Hong Kong Delights,4e1277be18a84f0f031daa4e,37.71413847,-122.46293001,Chinese Restaurant,0
528,Lakeshore,37.729850000000056,-122.49416999999994,Chipotle Mexican Grill,4e162a98aeb7e76b4f1b9594,37.73245288257204,-122.48998301707604,Mexican Restaurant,27
529,South Park,37.78145000000006,-122.39385999999996,TRES,4e1bebb781306017a4cd4cb3,37.78022738782531,-122.39125932107154,Mexican Restaurant,337
530,Lake Street,37.785060000000044,-122.46403999999995,Café Bunn Mi,4e233347ae6015b212b7dd6e,37.78297461081958,-122.46371910379156,Vietnamese Restaurant,170
531,Jackson Square,37.79708000000005,-122.39840999999996,El Porteño,4e37026362846459f800f26c,37.79557648243205,-122.39352489040392,Argentinian Restaurant,95
533,Sea Cliff,37.78626000000003,-122.48517999999996,Red Tavern,4e3de9b552b1a04aff1f7a26,37.78212719042189,-122.4832864457017,Russian Restaurant,36
534,Mission District,37.759930000000054,-122.41807999999997,Lazy Bear,4e486864b0fb93df27242931,37.76028777205772,-122.41962603950654,New American Restaurant,361
535,Visitacion Valley,37.71307000000007,-122.40930999999995,Pho Luen Fat,4e4d4abdbd413c4cc66ff82e,37.71211295770733,-122.40590522071406,Vietnamese Restaurant,12
536,Telegraph Hill,37.80175000000003,-122.40639999999996,Park Tavern,4e54752db61c93816c09a9d5,37.80109702179248,-122.40930067725601,New American Restaurant,628
538,Mid-Market,37.79098449478979,-122.39922052301995,La Fusion,4e555696d4c0c50afda6168f,37.79180813856871,-122.40381901433496,Latin American Restaurant,137
539,Mission Dolores,37.76481000000007,-122.42359999999996,KRUA THAI,4e63c4e01838ad3d0f60a13e,37.76477100038251,-122.42449927068976,Thai Restaurant,69
540,Lone Mountain,37.77791000000008,-122.45261999999997,Hisago,4e66bcaa1838501628085f78,37.781731884210664,-122.45375341233168,Japanese Restaurant,11
541,Polk Gulch,37.77970830920334,-122.41848101246387,Thai Idea Vegetarian Restaurant,4e7d7aebf5b9644b441e28f3,37.783395,-122.419141,Vegetarian / Vegan Restaurant,103
543,Cayuga Terrace,37.72300506949941,-122.43918145516166,Mission Noodle House,4e80eef293adc9619543bbc9,37.720971806055864,-122.43769813244099,Vietnamese Restaurant,6
544,Lower Nob Hill,37.78944000000007,-122.41453999999999,Keiko à Nob Hill,4ebacbf2108192bf75c5b0ba,37.793250556869715,-122.41421405672644,French Restaurant,55
546,Civic Center,37.77863000000008,-122.41682999999995,Lers Ros Thai,4ebd985c6c257f09ae0c188e,37.77704539388715,-122.42167066545659,Thai Restaurant,370
548,Belden Place,37.7912745,-122.40378675000001,Hops & Hominy,4ed9a975be7be28336ddc111,37.78930005992743,-122.40578646167776,Southern / Soul Food Restaurant,554
550,Chinatown,37.795390000000054,-122.40811999999994,Parallel 37 Ritz-Carlton,4ede788b9adfe5cbe3f0aecf,37.79205879906502,-122.40711015191147,American Restaurant,33
551,Belden Place,37.7912745,-122.40378675000001,Per Diem,4ee965055c5c0575fa5a3fe7,37.790094666099144,-122.40117435254724,Italian Restaurant,183
552,Glen Park,37.738410000000044,-122.43098999999995,Manzoni,4ef010c00e01e1fde2099099,37.73467816914885,-122.43389799980405,Italian Restaurant,28
553,Lower Pacific Heights,37.78693000000004,-122.43427999999994,State Bird Provisions,4ef52a378231b0d6238dd471,37.78374261088443,-122.43287398277053,New American Restaurant,942
557,Dogpatch,37.75946000000005,-122.39035999999999,Gilberth's Latin Fusion Restaurant,4f0e490ee4b03684a54372c6,37.7587985,-122.3881224,Latin American Restaurant,45
558,Noe Valley,37.75160000000005,-122.42907999999994,Saru Sushi Bar,4f2a012ce4b0a7b3771950bb,37.75164725317108,-122.42877448272561,Sushi Restaurant,313
559,Mission Dolores,37.76481000000007,-122.42359999999996,Namu Gaji,4f359f3b7beb8cc43414ab62,37.761435625839084,-122.42600013317379,Korean Restaurant,599
560,Bayview,37.73345000000006,-122.38997999999998,Radio Africa & Kitchen,4f56b36a6b7406c0ea010e9b,37.734825771576745,-122.39076385408828,African Restaurant,31
561,Dogpatch,37.75946000000005,-122.39035999999999,Marcella's Lasagneria & Cucina,4f8b1e6bbe77b15e3ac57be0,37.7579958294458,-122.38923528445224,Italian Restaurant,80
562,Inner Sunset,37.762110000000064,-122.46885999999995,Nopalito,4f8f447f7716cd1fbf769274,37.76543949054888,-122.46629476547241,Mexican Restaurant,499
563,South of Market,37.777570000000026,-122.40434999999997,Lucille's,4f8f600ae4b058bf692402d9,37.77409848997702,-122.40410478710287,Cajun / Creole Restaurant,2
564,Alamo Square,37.77722000000006,-122.43145999999996,Preet Palace,4f97007fe4b0dc878e04571e,37.77980461986572,-122.43201248906166,Indian Restaurant,0
565,Little Saigon,37.78426,-122.417724,Aria Korean-American Snack Bar,4fd3d6a5e4b0da81476a4ea6,37.786554,-122.418066,Korean Restaurant,45
568,Cow Hollow,37.79825000000005,-122.43572999999998,Blackwood,4fd67aaee4b05b989e3a79a9,37.80058713943397,-122.43876395829678,Thai Restaurant,261
570,Richmond District,37.78066000000007,-122.47088999999994,Y & Y Vietnamese Cuisine,4fee69dfe4b0f34ae6930093,37.78279696171342,-122.4690858896308,Vietnamese Restaurant,59
571,Hayes Valley,37.77428000000003,-122.42832999999996,Rich Table,500088f7d63e64b62bc19e6e,37.774891,-122.422736,New American Restaurant,608
572,West Portal,37.739900000000034,-122.46748999999994,Tsing's Chinese Restaurant,5000e7f8e4b0c123dd402fb1,37.737008,-122.469798,Chinese Restaurant,5
574,Mission District,37.759930000000054,-122.41807999999997,Lolinda,50243fd229a61e4b21a26e16,37.7566658,-122.419113,Argentinian Restaurant,800
575,Russian Hill,37.80203000000006,-122.41962999999998,Elephant Sushi,50383cc1e4b0c1904e8952f6,37.79862285331978,-122.41893875180762,Sushi Restaurant,165
576,Balboa Terrace,37.73180000000008,-122.46739999999994,Dinosaurs 2,5039741fe4b049dedb531eb1,37.731586,-122.472535,Vietnamese Restaurant,57
577,North Beach,37.799090000000035,-122.40844999999996,Lai Hong Lounge 荔香小館,50412c01e4b09c6ce4491149,37.79767191833427,-122.41031926493129,Chinese Restaurant,160
579,Sea Cliff,37.78626000000003,-122.48517999999996,Daigo Sushi,505a8013e4b08096cab04de2,37.782017897015685,-122.48585594220593,Sushi Restaurant,58
580,Nob Hill,37.793360000000064,-122.41787,Co Nam,505a8cfde4b08096cab53875,37.79218028571842,-122.42104607818463,Vietnamese Restaurant,143
581,Mission Dolores,37.76481000000007,-122.42359999999996,Mau,505aa37ee4b09d25dc9e7557,37.762214446694,-122.42157861358172,Vietnamese Restaurant,470
583,West Portal,37.739900000000034,-122.46748999999994,Orexi,506cedaae4b00cdc7b3cc476,37.73847730013533,-122.4683324672464,Greek Restaurant,38
585,Richmond District,37.78066000000007,-122.47088999999994,Chili House SF,507c7fe9e4b0f2e0883863d6,37.78285554917537,-122.46711008889176,Chinese Restaurant,88
587,Mission Bay,37.76690000000008,-122.38978999999995,Mission Rock Resort,5089d734e4b032d8bd35f664,37.76548318059236,-122.38662441146899,Seafood Restaurant,322
589,South Park,37.78145000000006,-122.39385999999996,Saison,5092f1a0183f33bd8b7416e2,37.77938780708879,-122.39200771519837,New American Restaurant,182
592,Jackson Square,37.79708000000005,-122.39840999999996,Roka Akor,50be8ac5f31c223ae77cdeb7,37.79633577459493,-122.40384969155025,Japanese Restaurant,337
596,Inner Sunset,37.762110000000064,-122.46885999999995,Nabe,50cfe6afe4b021539e1ab4e7,37.76363430255683,-122.46629147787104,Nabe Restaurant,119
597,Cole Valley,37.76532000000003,-122.44986999999998,Padrecito,50ef30e4e4b00a55d27ff6d5,37.76574435901804,-122.45006486882085,Mexican Restaurant,473
599,Ingleside,37.723020000000076,-122.45214999999996,21 Taste House,50f71746e4b0159e591b2cbd,37.72348329809827,-122.45433644828445,Asian Restaurant,8
600,Noe Valley,37.75160000000005,-122.42907999999994,J&R's Pop-up #3,510db208e4b01a7ac5f0dd04,37.749089,-122.427188,American Restaurant,0
601,Eureka Valley,37.75750082266322,-122.43794033500338,Fable,5111a558e4b0e457054d5a0a,37.75997442841319,-122.43507963136373,New American Restaurant,109
604,Design District,37.77853007328749,-122.39321008050078,Garaje,511ab11fe4b078c672896eab,37.78174497823888,-122.396150865862,Mexican Restaurant,1192
606,Richmond District,37.78066000000007,-122.47088999999994,Sakesan Sushi & Bistro,511c1d15e4b0d03f6aefa838,37.78295850114284,-122.46602560953235,Japanese Restaurant,81
608,Mission District,37.759930000000054,-122.41807999999997,Curry Up Now,51243a00e4b06327ea088b09,37.762319653793774,-122.42162745926812,Indian Restaurant,374
610,Lone Mountain,37.77791000000008,-122.45261999999997,SQwers Izakaya & Sushi BAR,513a4806c84c60d09153e2cc,37.78189618301288,-122.45134008269928,Sushi Restaurant,22
611,Lower Pacific Heights,37.78693000000004,-122.43427999999994,Glaze Teriyaki,513e1d25183f3d7ab4b68a33,37.7879226052757,-122.43359371176912,Asian Restaurant,116
614,Jackson Square,37.79708000000005,-122.39840999999996,Coqueta,5140f0cae4b0161c893167e7,37.79856617565491,-122.39660972788938,Spanish Restaurant,724
618,Belden Place,37.7912745,-122.40378675000001,Sushirrito,5169c1b4498eb65b81bd735a,37.790227277138705,-122.40389696995778,Sushi Restaurant,287
621,Westwood Highlands,37.73318000000006,-122.45449999999994,Shanghai Dumpling King,516a2025e4b0b25be7de59b6,37.73160464574401,-122.4510746682198,Dumpling Restaurant,115
623,West Portal,37.739900000000034,-122.46748999999994,Chaiya,51841c27498e495ed7b5e1e8,37.74104216116533,-122.4649591037211,Thai Restaurant,17
624,Mission District,37.759930000000054,-122.41807999999997,El Techo,51896b72498e1bcc776ddaa8,37.756576,-122.4190831,Latin American Restaurant,1076
625,West Portal,37.739900000000034,-122.46748999999994,Trattoria Da Vittorio,5195394d498e344eeb952b4f,37.739295412112625,-122.46759110305597,Italian Restaurant,67
626,Lake Street,37.785060000000044,-122.46403999999995,Shabu House,519ec122498e505febe8df9b,37.78312656370151,-122.46328682653005,Japanese Restaurant,92
627,Richmond District,37.78066000000007,-122.47088999999994,Shabu Club,51a9a958498e89dba10731fc,37.78263784004588,-122.46959924871538,Japanese Restaurant,88
628,Tenderloin,37.78513000000004,-122.41450999999995,El Castillito,51b28827498ef0351235c618,37.781960999999995,-122.41473700000002,Mexican Restaurant,10
630,Upper Market,37.76122000000004,-122.44410999999997,MaMa Ji's,51b9fdee498ec3a4b2580261,37.76074993654171,-122.43865144053532,Szechuan Restaurant,408
634,Union Square,37.78782000000007,-122.40747999999996,Wise Sons Jewish Delicatessen,51d25a898bbd024bb44bff91,37.785837180588764,-122.4031239177341,Jewish Restaurant,206
635,Tenderloin,37.78513000000004,-122.41450999999995,Golden Lotus,51db15d1498e633f8c612d51,37.783789141434305,-122.41772633852094,Vietnamese Restaurant,40
638,Laurel Heights,37.78576000000004,-122.44722999999999,Artesano,51e0ad55498eb7f2b6ed10e2,37.78662822254398,-122.45044947820467,Latin American Restaurant,36
641,Lower Nob Hill,37.78944000000007,-122.41453999999999,Aliment,51eb56cf498e1965d411fc1e,37.79001436822235,-122.41027247652748,American Restaurant,186
642,Inner Sunset,37.762110000000064,-122.46885999999995,Taqueria Dos Amigos y Mercado,51f1b42c498ef8a98fedb183,37.76399,-122.47245600000001,Mexican Restaurant,6
643,Mission Dolores,37.76481000000007,-122.42359999999996,Ramen Izakaya Goku,51f4a10f498eb45077647b12,37.76481509202554,-122.4248665553438,Ramen Restaurant,324
644,Westwood Park,37.72813000000008,-122.45815999999996,Champa Garden,521c030711d29828a2b0a260,37.72493826945924,-122.46004675400988,Asian Restaurant,66
645,Fillmore,37.78415997388794,-122.43316995614289,Izakaya Kou,5226e7f42fc6889c73ad297f,37.7842660711893,-122.43285117668039,Japanese Restaurant,181
649,Marina District,37.80315000000007,-122.43674999999996,Sabrosa,523217ee93cd2771b1d89f79,37.799074704312,-122.43585395601345,Mexican Restaurant,100
650,Lakeside,37.724330000000066,-122.47383999999994,Chipotle Mexican Grill,523b598711d27a43cfa0a523,37.7276457,-122.4765986,Mexican Restaurant,35
651,Financial District South,37.795780000000036,-122.40047999999996,House of Xian Dumpling,5251d773498e0a9b631e6729,37.79657947252779,-122.40517651231335,Chinese Restaurant,91
655,Marina District,37.80315000000007,-122.43674999999996,Saiwalks,52a37b00498e56c8e039dcd0,37.80038608340991,-122.43776511311732,Vietnamese Restaurant,55
656,Ingleside,37.723020000000076,-122.45214999999996,Quan Pho Viet,52a7695711d28346a61df7d7,37.723212,-122.453591,Vietnamese Restaurant,10
657,Tenderloin,37.78513000000004,-122.41450999999995,Jin Mi Korean Cuisine,52c1ec13498e768ed96c0fdf,37.781564547341034,-122.41669614878889,Korean Restaurant,73
659,Cayuga Terrace,37.72300506949941,-122.43918145516166,Maneelap Srimongkoun,52d0a6dc498e22a719e816a7,37.71866004457294,-122.43941132605019,Thai Restaurant,10
660,West Portal,37.739900000000034,-122.46748999999994,Burrito Loco,52daf6af498ea35cefa4f41f,37.74091038606657,-122.46562352714389,Mexican Restaurant,13
661,Mission District,37.759930000000054,-122.41807999999997,Loló,52eb109611d2f169d2d80599,37.757301,-122.421307,Latin American Restaurant,633
662,Russian Hill,37.80203000000006,-122.41962999999998,Curry Leaf Restaurant,52f3d3c311d2fa6250257ba7,37.80318251864479,-122.41441273064468,Indian Restaurant,105
663,Mission Dolores,37.76481000000007,-122.42359999999996,Lers Ros Thai,52f4747d11d2e8fa8b2e5394,37.76476249195652,-122.42388397828468,Thai Restaurant,162
664,Duboce Triangle,37.76932000000005,-122.43145999999996,House of Thai 2,5306684e11d28bd0950b2a3a,37.77217035473427,-122.43028372979063,Thai Restaurant,44
665,Little Saigon,37.78426,-122.417724,Elephant Sushi,530eab1b498e43184817a4fc,37.78152508967383,-122.41698081983824,Sushi Restaurant,13
667,Cathedral Hill,37.784344,-122.424496,De Afghanan,531630f6498eb66232dca33b,37.78569150893425,-122.42054049694651,Afghan Restaurant,96
668,Mid-Market,37.79098449478979,-122.39922052301995,Trou Normand,53192adc498e20ab5bf6d887,37.78667656374773,-122.3996791649513,French Restaurant,498
669,Embarcadero,37.79532000000006,-122.39393999999999,PABU,53221a72498e79092136b979,37.79295,-122.3981,Japanese Restaurant,326
674,Lake Street,37.785060000000044,-122.46403999999995,Lime Tree Southeast Asian Kitchen,5340b4de498ea94402a6fbc3,37.78291729758533,-122.468309518121,Asian Restaurant,45
676,Tenderloin,37.78513000000004,-122.41450999999995,homeskillet,5351e136498e38b9d504db86,37.78215210817745,-122.41031886452917,American Restaurant,151
677,Cow Hollow,37.79825000000005,-122.43572999999998,Palm House,5367c631498e5c347cf18838,37.797545155626736,-122.43287312898731,Caribbean Restaurant,153
678,North Beach,37.799090000000035,-122.40844999999996,North Beach Gyros,536e7f6e498ee6e7192e8c24,37.800074,-122.410936,Mediterranean Restaurant,33
680,Chinatown,37.795390000000054,-122.40811999999994,Kusakabe,537d1a96498e08214a87bded,37.795498406823384,-122.4029523282336,Sushi Restaurant,243
685,Jordan Park,37.784650000000056,-122.45664,Wako,53893dea498ef911b521951c,37.78303200071665,-122.4615756791682,Japanese Restaurant,126
687,Telegraph Hill,37.80175000000003,-122.40639999999996,China Live,53988def498e68d4d894fc87,37.7980266,-122.4078575,Chinese Restaurant,320
690,Haight-Ashbury,37.769930000000045,-122.44691999999998,1428 Haight,53b37277498eeeca1f0ba730,37.77021303401152,-122.44596601061077,American Restaurant,77
691,Polk Gulch,37.77970830920334,-122.41848101246387,Monsieur Benjamin,53b4dd52498eef48c82d89a5,37.77747803178731,-122.42313085901189,French Restaurant,375
692,Diamond Heights,37.74432000000007,-122.44270999999998,food & dim sum to go,53c16f0c498ecc0f5c08cec5,37.7439805991789,-122.43940573577052,Cantonese Restaurant,4
693,Telegraph Hill,37.80175000000003,-122.40639999999996,The Italian Homemade Company,53f914d8498e1ef0fe04474c,37.80149747181165,-122.41179456578453,Italian Restaurant,326
695,Glen Park,37.738410000000044,-122.43098999999995,Win Garden,53fb8957498e41f50c2aeefa,37.734549257302305,-122.43389874611981,Chinese Restaurant,14
696,Rincon Hill,37.785748500000004,-122.3924445,dragoneats,53fb8a0f498e6491055ac177,37.78646245051328,-122.39550510091534,Vietnamese Restaurant,219
698,Vista del Mar,37.779005,-122.507642,Seal Rock Inn Restaurant,5404a5c5498e173768dfada4,37.7799329144281,-122.50955244344584,American Restaurant,10
699,Bernal Heights,37.73903000000007,-122.41620999999998,Nute's Noodle Night,5407c3ee498e743eaa28f797,37.73895675221519,-122.41389540466913,Asian Restaurant,86
700,Western Addition,37.780950000000075,-122.43221999999997,Udon Mugizo,542616e8498e7e2b1a06433d,37.78492562206546,-122.43180862034707,Udon Restaurant,162
704,South Park,37.78145000000006,-122.39385999999996,Tender Greens,5432f08d498e64bc7d6f0a31,37.777131322814704,-122.39307874572013,American Restaurant,161
705,Marina District,37.80315000000007,-122.43674999999996,Bonita Taqueria y Rotisserie,54472c68498e4a38ccde94ab,37.80022113273896,-122.44045077734454,Mexican Restaurant,67
706,Bernal Heights,37.73903000000007,-122.41620999999998,3rd Cousin,54505245498e78f30aadd37c,37.73898312239623,-122.41374021459931,New American Restaurant,65
707,Cayuga Terrace,37.72300506949941,-122.43918145516166,Tao Sushi,546960f7498eac74bd5baf47,37.721036775089686,-122.4376651904847,Japanese Restaurant,13
708,South of Market,37.777570000000026,-122.40434999999997,Dinosaurs,546ba7f6498e76930e16ccda,37.77501343461817,-122.40334942532131,Vietnamese Restaurant,54
709,China Basin,37.77609000000007,-122.39374999999995,Cockscomb,54700a36498e3b3bd931137c,37.778578,-122.397395,New American Restaurant,386
712,South End,37.768909803661145,-122.38776639828644,STEM Kitchen & Garden,5474e844498ebe35c171c046,37.766240814693575,-122.38833667304378,New American Restaurant,148
714,Tenderloin,37.78513000000004,-122.41450999999995,Golden Era Vegan,547a3a09498edded45384099,37.78149473910515,-122.41682231651436,Vegetarian / Vegan Restaurant,95
716,Western Addition,37.780950000000075,-122.43221999999997,The Progress,548b976b498e8beca9ac6641,37.78374466115743,-122.43297199831427,American Restaurant,514
720,Mission Dolores,37.76481000000007,-122.42359999999996,Shizen,54a8b5d1498ef8abe40ce6b3,37.76819038843062,-122.42162728988704,Sushi Restaurant,462
721,Mid-Market,37.79098449478979,-122.39922052301995,Mourad,54aa5a96498e0326ab850c28,37.78691477687439,-122.39996989660568,Moroccan Restaurant,349
722,Lower Nob Hill,37.78944000000007,-122.41453999999999,Liholiho Yacht Club,54c2a5e4498ee52a438800f7,37.78833241767785,-122.41460517290737,Hawaiian Restaurant,736
724,Mission District,37.759930000000054,-122.41807999999997,Hawker Fare,54c46647498ec3e20f48bcde,37.7620177653105,-122.42175150961835,Thai Restaurant,298
726,Duboce Triangle,37.76932000000005,-122.43145999999996,Nara,54d96f93498ed9d2b3069657,37.77213637941631,-122.43080061177345,Sushi Restaurant,104
727,Sunset District,37.753480000000025,-122.49414999999999,Osaka Imai,54e6a458498e7b5a0897a2b5,37.753524768000645,-122.49012206288636,Japanese Restaurant,6
728,Polk Gulch,37.77970830920334,-122.41848101246387,Rusty's Southern,552043bc498ea443ae08a883,37.784200364220894,-122.41851811012705,Southern / Soul Food Restaurant,155
731,Castro,37.75849000000005,-122.43476999999996,Lark,552d9a9a498ef6abfdae677a,37.760993285739396,-122.43427518221822,Mediterranean Restaurant,142
733,Cathedral Hill,37.784344,-122.424496,Octavia,55319ec2498ee038ee77c144,37.78793508418418,-122.42693388300009,American Restaurant,294
735,Mid-Market,37.79098449478979,-122.39922052301995,Takoba,5531cce7498e133766923a47,37.78694521073477,-122.40032074338816,Sushi Restaurant,65
736,South Park,37.78145000000006,-122.39385999999996,Kama O Deli,553564fe498e27b0a22d234b,37.780268240678275,-122.39455837966295,Japanese Restaurant,42
739,Financial District South,37.795780000000036,-122.40047999999996,Trestle,554076fd498ec1e6a4ae0b23,37.796305816613604,-122.40453417551656,New American Restaurant,259
743,Nob Hill,37.793360000000064,-122.41787,Lord Stanley,5579d160498ec78aba4bf23d,37.79583908920013,-122.42188811302185,Modern European Restaurant,118
744,Jordan Park,37.784650000000056,-122.45664,Mescolanza,55a5af25498e7d094479340d,37.78134658031404,-122.45992168890297,Italian Restaurant,18
745,Duboce Triangle,37.76932000000005,-122.43145999999996,The Viking Room,55b31d83498e5ab2eee81351,37.76668542621153,-122.43020971859733,New American Restaurant,39
746,Haight-Ashbury,37.769930000000045,-122.44691999999998,VeganBurg,55bec3d8498ea0833a1c10b7,37.77015576494585,-122.4465223090921,Vegetarian / Vegan Restaurant,153
747,Japantown,37.785420000000045,-122.42971999999997,Gardenias,55bfc463498e9b97eca4d34b,37.786109,-122.43271,Restaurant,52
750,Laurel Heights,37.78576000000004,-122.44722999999999,Chipotle Mexican Grill,55c22c50498ed3a8d492dceb,37.78205287353228,-122.44653641055487,Mexican Restaurant,25
751,Alamo Square,37.77722000000006,-122.43145999999996,Petit Crenn,55c29cba498e3e3e7a929bb7,37.77634384449128,-122.4264545687113,French Restaurant,260
753,Lower Haight,37.772730000000024,-122.43309999999997,Perilla,55c6bd76498e21968eb76765,37.77206003875018,-122.43083496703683,Vietnamese Restaurant,24
756,Marina District,37.80315000000007,-122.43674999999996,The Dorian,55dfdff7498e10ec1a9e2b8c,37.800693036068324,-122.43651922598156,New American Restaurant,174
758,Design District,37.77853007328749,-122.39321008050078,The Lord George,55e23dc8498eac3941432ec0,37.782384944239375,-122.39274699267062,New American Restaurant,113
759,Inner Sunset,37.762110000000064,-122.46885999999995,iPOT,55ebac96498e6eaf2a9ad368,37.76389410253733,-122.47322399443968,Hotpot Restaurant,78
760,Cow Hollow,37.79825000000005,-122.43572999999998,The Italian Homemade Company,55f39717498eab249a7fc0b5,37.79762809814768,-122.4309938003278,Italian Restaurant,152
761,Lake Street,37.785060000000044,-122.46403999999995,KoJa Kitchen,56021669498e583a68c8492e,37.782961278947944,-122.46318376125461,Asian Restaurant,141
762,Belden Place,37.7912745,-122.40378675000001,Onigilly,5602fc12498ec57fde48345f,37.79074936966351,-122.39874610114427,Japanese Restaurant,54
763,Cow Hollow,37.79825000000005,-122.43572999999998,Rooster & Rice,562ab0c3498ec63360c68618,37.797879,-122.435932,Thai Restaurant,71
764,Duboce Triangle,37.76932000000005,-122.43145999999996,Iza Ramen,5632c07e498eaa6c566acefc,37.771694,-122.430429,Ramen Restaurant,377
767,Tenderloin,37.78513000000004,-122.41450999999995,Yemen Kitchen,5633e4a5498e430fc92b4b53,37.783372,-122.412736,Middle Eastern Restaurant,28
769,Laguna Honda,37.750999922797234,-122.46122578186481,My Pot 吾家火鍋,56342da3498eaa6c59ef3488,37.747377,-122.459524,Hotpot Restaurant,16
771,Jackson Square,37.79708000000005,-122.39840999999996,Chica,564259cc498e3ea5e3480985,37.80042752404769,-122.40168186470693,Mexican Restaurant,43
772,Haight-Ashbury,37.769930000000045,-122.44691999999998,Hippie Thai Street Food,564f83bb498e581008391e1f,37.77021800286693,-122.44570830436142,Thai Restaurant,27
773,Duboce Triangle,37.76932000000005,-122.43145999999996,Tara Indian Cuisine,5657e5d0498e3b242ea9ffad,37.76545904539987,-122.43148364720408,Indian Restaurant,35
774,Russian Hill,37.80203000000006,-122.41962999999998,Cafe de Casa,56676578498ea3606c450af7,37.80607956874178,-122.41855703089183,Brazilian Restaurant,96
775,Jordan Park,37.784650000000056,-122.45664,Gourmet Noodle House,56722103498ef0287b6edbdb,37.7810946275548,-122.45995227226994,Shanghai Restaurant,8
776,Haight-Ashbury,37.769930000000045,-122.44691999999998,Ginza Sushi & Sake,56834957498e4abb4a565cde,37.76941183978978,-122.45163205273117,Sushi Restaurant,50
777,Rincon Hill,37.785748500000004,-122.3924445,Fayala,5690228b498ebea616b1c8e4,37.789337832773505,-122.39496301672979,Mediterranean Restaurant,34
779,Financial District South,37.795780000000036,-122.40047999999996,The American Grilled Cheese Kitchen,5696dadc498e77af2f0593b1,37.79836546649156,-122.4012565612793,American Restaurant,36
782,Sea Cliff,37.78626000000003,-122.48517999999996,Fiorella,56995964498e62132be29321,37.78188735290587,-122.48450964689253,Italian Restaurant,115
783,Duboce Triangle,37.76932000000005,-122.43145999999996,Hot Zushi,5699bb8d498edccdae489a77,37.77204257802579,-122.43099514378852,Sushi Restaurant,22
786,Cole Valley,37.76532000000003,-122.44986999999998,DragonEats,569d3eb4498e051e26ae85b1,37.7694320058375,-122.45009690523148,Vietnamese Restaurant,65
788,Little Saigon,37.78426,-122.417724,Tselogs,56a7f7fa498e29aaf707c5d4,37.78647937415373,-122.4131275886682,Filipino Restaurant,109
791,Mid-Market,37.79098449478979,-122.39922052301995,Leo's Oyster Bar,56a86953498ee35f4e8cde5b,37.79393596469011,-122.40266670546524,Seafood Restaurant,191
794,Westwood Highlands,37.73318000000006,-122.45449999999994,Won Kok Restaurant 華記美食,56aaca82498e009d3013a818,37.731774526726426,-122.45127862507782,Cantonese Restaurant,26
796,Tenderloin,37.78513000000004,-122.41450999999995,Mensho Tokyo,56b4af45498e429dd2223d46,37.78655304019694,-122.41428861315735,Ramen Restaurant,468
799,Lower Haight,37.772730000000024,-122.43309999999997,Indian Paradox,56c66e32498e2e5e0f570db4,37.77158,-122.436919,Indian Restaurant,76
800,Belden Place,37.7912745,-122.40378675000001,Mister Jiu's,56f2092e498eac8f5f0799c8,37.79379008659567,-122.40661544924471,Chinese Restaurant,238
802,Sunset District,37.753480000000025,-122.49414999999999,Underground Grill King,56fe15cacd100ab4c7fb0fe7,37.753366,-122.490934,Taiwanese Restaurant,1
803,Alamo Square,37.77722000000006,-122.43145999999996,Kebab King,56fef705498ed9078efe13ac,37.779786,-122.431589,Pakistani Restaurant,23
804,Merced Manor,37.732440000000054,-122.48145,Hella Halal,5700222f498eea04541435f5,37.730256,-122.47891,Halal Restaurant,1
805,Presidio Heights,37.79028000000005,-122.45165999999995,vixi cucina italiana,57094904cd1079e8d3b3dbbb,37.786210303692656,-122.45366566889984,Italian Restaurant,10
808,Sunnyside,37.730290000000025,-122.44886999999994,Pho Dong Huong (World of Noodle),573e76dc498e03b8b9bb4e9f,37.731491380378145,-122.45039008562291,Vietnamese Restaurant,15
810,Union Square,37.78782000000007,-122.40747999999996,Sababa,5746063b498e3939498157c9,37.791185,-122.404219,Mediterranean Restaurant,180
813,Financial District South,37.795780000000036,-122.40047999999996,Chong Qing Xiao Mian,5763027e498e386d3d9e9860,37.7964178,-122.4053695,Szechuan Restaurant,217
815,South of Market,37.777570000000026,-122.40434999999997,Golden Burma,5769a4bf498e66c11ea9851e,37.77518382857007,-122.40345543581469,Burmese Restaurant,26
816,Civic Center,37.77863000000008,-122.41682999999995,Corridor,577355df498e5f4d8d448506,37.776559698358206,-122.41946137814485,American Restaurant,100
818,Union Square,37.78782000000007,-122.40747999999996,Tacorea,577709b1498ec87e7dcdb1f8,37.78976228934146,-122.41079181432723,Korean Restaurant,201
820,Noe Valley,37.75160000000005,-122.42907999999994,Bistro SF Grill,57795837cd10013c3e791682,37.75114764114586,-122.43408459642565,American Restaurant,12
821,Marina District,37.80315000000007,-122.43674999999996,Don Pistos,578ee6d6498e67c585f8b82c,37.80004007954099,-122.4353109518497,Mexican Restaurant,31
823,Civic Center,37.77863000000008,-122.41682999999995,Feastly at the Garage,57918439cd1010a4eff0bbcf,37.777222086763196,-122.41237141334652,Restaurant,12
824,North of Panhandle,37.772550000000024,-122.44583999999998,Om Indian Cuisine,57978e5e498ed5a25470c882,37.769686854208565,-122.44967848373926,Indian Restaurant,35
827,Design District,37.77853007328749,-122.39321008050078,ROOH,57b2748e498ef018b699e232,37.78130761598392,-122.3926918659228,Indian Restaurant,162
828,Ingleside Terraces,37.724510000000066,-122.46731999999997,Joyful Kitchen,57b3ba13cd100318b215b5ba,37.725376798334565,-122.46272186158328,Chinese Restaurant,10
829,Parkside,37.73894000000007,-122.48389999999995,Fiery Hot Pot Buffet,57b7af86498e3e263095efc9,37.74280989993256,-122.48381187912098,Chinese Restaurant,24
830,Mission Terrace,37.725730000000055,-122.43917999999996,Hwaro,57bd06c8cd10e903763a7664,37.725637597880784,-122.43431782363075,Korean Restaurant,36
831,Russian Hill,37.80203000000006,-122.41962999999998,Mezcalito,57da1ace498ed7fdf4662768,37.798168097057925,-122.42228617129722,Mexican Restaurant,89
832,Richmond District,37.78066000000007,-122.47088999999994,Keeva Indian Kitchen,57e585c338faf769305a92aa,37.78283621635868,-122.46896842633957,Indian Restaurant,26
833,Cow Hollow,37.79825000000005,-122.43572999999998,Flores,57fc2013498ec2b5a315b412,37.7976161048577,-122.43258059024868,Mexican Restaurant,196
834,Diamond Heights,37.74432000000007,-122.44270999999998,Harbor Villa Restaurant,5805472838fa925140e78f74,37.74375508537187,-122.43940386304837,Dim Sum Restaurant,17
835,Westwood Park,37.72813000000008,-122.45815999999996,Golden Coast Restaurant,580c106738faf1db47d6f127,37.72455869884345,-122.45898784330393,Asian Restaurant,6
836,Marina District,37.80315000000007,-122.43674999999996,Nabe II,581944f72956e66bf36c5910,37.79971361718154,-122.43694746033817,Hotpot Restaurant,66
838,Design District,37.77853007328749,-122.39321008050078,SAJJ Mediterranean,581a05462c0e8135207495a8,37.78139388822888,-122.39163160370434,Mediterranean Restaurant,69
841,Lower Pacific Heights,37.78693000000004,-122.43427999999994,Hinodeya Ramen Bar,583638538d8e9962925c86fe,37.786222571504034,-122.42995622632341,Ramen Restaurant,254
844,Rincon Hill,37.785748500000004,-122.3924445,Rooster & Rice,583f36b70b7e9312ee559aef,37.78502229084869,-122.39604023205217,Thai Restaurant,139
847,Little Saigon,37.78426,-122.417724,Hinata,584a0d7b349355671db7eab2,37.78308964325582,-122.42073168119563,Sushi Restaurant,69
850,Ingleside,37.723020000000076,-122.45214999999996,Pakwan Restaurant,5879b70bda54ae4bc9f865e9,37.72348113608998,-122.45388596926179,Pakistani Restaurant,26
851,Tenderloin,37.78513000000004,-122.41450999999995,The Halal Guys,5886c46651666a3dfa1c3aa0,37.78611099816394,-122.4104207029729,Middle Eastern Restaurant,126
852,Cayuga Terrace,37.72300506949941,-122.43918145516166,An Chi,588e3e6632b072494c6cf57e,37.72343008519264,-122.43573516334256,Vietnamese Restaurant,12
855,Bernal Heights,37.73903000000007,-122.41620999999998,Peaches Patties,5896271e98f8aa7c144fbdaf,37.739477,-122.418333,Caribbean Restaurant,8
856,South of Market,37.777570000000026,-122.40434999999997,Iza Ramen,589d531716f000694e4ab50b,37.77580229083259,-122.40904551725399,Ramen Restaurant,175
857,Lower Pacific Heights,37.78693000000004,-122.43427999999994,Marufuku Ramen,58a8fc412321c67cca7ee144,37.785044585981645,-122.43188436047465,Ramen Restaurant,208
861,Cow Hollow,37.79825000000005,-122.43572999999998,Vegan Picnic,58af46d1951e7d0a6394102b,37.79749028773226,-122.43174840879858,Vegetarian / Vegan Restaurant,26
862,Russian Hill,37.80203000000006,-122.41962999999998,Kui Shin Bo,58ba381ef840855538e68561,37.801482,-122.425206,Japanese Restaurant,4
863,Mission District,37.759930000000054,-122.41807999999997,Media Noche,58bf4947fda3d8675bd28d0a,37.76007363724324,-122.42069145227919,Cuban Restaurant,229
864,Castro,37.75849000000005,-122.43476999999996,Me & Tasty,58bf794d14f8f47273a68002,37.7626655046974,-122.43450831054452,Thai Restaurant,56
865,Mission Dolores,37.76481000000007,-122.42359999999996,RAW Sugar Factory,58c4b309ae97567d4fcd0f56,37.76445863736293,-122.42179138494977,New American Restaurant,47
866,South Park,37.78145000000006,-122.39385999999996,Mestiza,58c87294102f477e019966e7,37.77960168435144,-122.3978382606396,Filipino Restaurant,78
868,Belden Place,37.7912745,-122.40378675000001,Pushkin,58cc4d2fe0adac17bbf4838e,37.79094301071348,-122.40387738626474,Russian Restaurant,95
871,Glen Park,37.738410000000044,-122.43098999999995,Tekka House,58e2fe86f697e068fa0d6d1b,37.73452961519617,-122.43367145203175,Sushi Restaurant,8
872,Sunset District,37.753480000000025,-122.49414999999999,Big Big Pan Korean Restaurant,58e5a5365f671706d7246cf5,37.753433,-122.489944,Korean Restaurant,1
873,China Basin,37.77609000000007,-122.39374999999995,The Organic Coup,58f03e51a87921558c6698ed,37.77882,-122.389345,Comfort Food Restaurant,3
875,Hayes Valley,37.77428000000003,-122.42832999999996,a Mano,5907aa1c178a2a76066e0f59,37.776916945347146,-122.42385625239876,Italian Restaurant,348
876,Irish Hill,37.7849658181139,-122.45200567613212,Derm,591523b4396de017a3a58882,37.781965,-122.453837,Thai Restaurant,7
879,Mission Bay,37.76690000000008,-122.38978999999995,SF Kebab Mediterranean Grill,592f829f0d8a0f7282e8c7c4,37.76704350992328,-122.38995669980444,Mediterranean Restaurant,44
881,Dolores Heights,37.75828000000007,-122.43027999999998,Saucy Asian,593efc3b1ffe976d0fa82760,37.76268839879927,-122.43082904572759,Asian Restaurant,62
882,Jackson Square,37.79708000000005,-122.39840999999996,Sababa,59418ea803369342e0b35f0d,37.7943363312859,-122.40246188207935,Middle Eastern Restaurant,53
886,Mission Terrace,37.725730000000055,-122.43917999999996,El Gran Taco Loco,5941ec67e2ead1688f4f464a,37.724746,-122.43448300000001,Mexican Restaurant,4
889,Jordan Park,37.784650000000056,-122.45664,General Tso Kitchen 外婆橋私房菜馆,5958498f1108ba7e4597f7bc,37.7810728447177,-122.45965480377417,Chinese Restaurant,8
890,Lower Haight,37.772730000000024,-122.43309999999997,Namu Stonepot,596f7dac851de55ed93ce160,37.774762514978846,-122.43778011298002,Korean Restaurant,107
891,Polk Gulch,37.77970830920334,-122.41848101246387,Lapat's Thai Noodles Bar,5983ea6101235832355e99a2,37.78333392343004,-122.41763005006777,Thai Restaurant,20
894,Cathedral Hill,37.784344,-122.424496,Kuma Sushi + Sake,5989205d64c8e12750122427,37.7867804695193,-122.41988550891186,Sushi Restaurant,159
896,Civic Center,37.77863000000008,-122.41682999999995,Villon,59b759e1646e387b4245f12a,37.780865252229155,-122.41247055353418,French Restaurant,119
897,North Beach,37.799090000000035,-122.40844999999996,Eight Tables by George Chen,59ca731f6c08d140cc3cb197,37.7983553,-122.4077918,Chinese Restaurant,32
900,Tenderloin,37.78513000000004,-122.41450999999995,Chisme,59cb288d6c08d172265a8e6d,37.78846715609786,-122.41480239709736,Mexican Restaurant,85
902,China Basin,37.77609000000007,-122.39374999999995,Tadu Ethiopian Kitchen,59cc5892418686045b5bc793,37.77394977617469,-122.39154316347648,Ethiopian Restaurant,67
903,Jackson Square,37.79708000000005,-122.39840999999996,Silver Star Deli,59cd5879f870fd72b1e80940,37.797734999999996,-122.401154,Vietnamese Restaurant,8
906,Vista del Mar,37.779005,-122.507642,Feng Ze Yuan 餘味館 (Feng Ze Yuan),59d994da1fa7634cf50e96be,37.775132,-122.506124,Cantonese Restaurant,4
907,Mission Dolores,37.76481000000007,-122.42359999999996,Kitava,59fbc94afc9e941a27bde064,37.76491892072407,-122.41971495741083,Gluten-free Restaurant,60
908,Ingleside Terraces,37.724510000000066,-122.46731999999997,Kaisen Don,5a109ecc898bdc199c4367e9,37.725512759474775,-122.46301464251765,Japanese Restaurant,13
909,Tenderloin,37.78513000000004,-122.41450999999995,Dosa Allee,5a20a375d48ec16955e54ad9,37.782197918901005,-122.41055640583181,South Indian Restaurant,8
910,Union Square,37.78782000000007,-122.40747999999996,Ippudo,5a2737c10457b734e89d1e29,37.7858706,-122.4043022,Ramen Restaurant,157
911,Richmond District,37.78066000000007,-122.47088999999994,Heritage Restaurant And Bar,5a2f497b8ad62e3cdecf37c8,37.78290433263326,-122.46684822145225,American Restaurant,19
912,Nob Hill,37.793360000000064,-122.41787,Tuba Express Mediterranean Kebab & Gyros,5a32e7e151950e6b6b9548f3,37.79081272178735,-122.4199755881855,Mediterranean Restaurant,8
913,Lakeside,37.724330000000066,-122.47383999999994,Marugame Udon,5a3b267d4940bc2abc94d088,37.72753502992446,-122.47614774426498,Udon Restaurant,93
914,Treasure Island,37.82489000000004,-122.37086999999997,Mersea,5a56b09c1b0ea5242d21a624,37.82247260805238,-122.3755940686198,American Restaurant,39
915,Civic Center,37.77863000000008,-122.41682999999995,Sizzling Pot King,5a616f53d69ed07940d7c279,37.77711002625363,-122.4125721848816,Szechuan Restaurant,34
916,Nob Hill,37.793360000000064,-122.41787,Berber,5a6543f66c08d126b51b3ef4,37.7960663,-122.4222202,African Restaurant,24
917,Potrero Hill,37.75660000000005,-122.39913999999999,VBOWLS,5a67f3c365211f23f1ae5ac5,37.754363,-122.403636,Japanese Restaurant,6
918,Tenderloin,37.78513000000004,-122.41450999999995,Lapisara,5a9c4ec9c58ed74fd59216e3,37.787713525870295,-122.41337542383248,Thai Restaurant,46
920,Parnassus,37.76276000000007,-122.46045999999996,Bussaba,5a9db897065ef53feaa37079,37.764336,-122.463711,Thai Restaurant,10
921,Little Saigon,37.78426,-122.417724,Sunday at the Museum,5ac91da5c5309357e35b5e75,37.78002549015468,-122.41606636888972,Asian Restaurant,30
922,Richmond District,37.78066000000007,-122.47088999999994,DNM Hot Pot,5ac993682b984427e9e6e748,37.78259352043552,-122.47125848057306,Asian Restaurant,10
923,Lower Pacific Heights,37.78693000000004,-122.43427999999994,Avery,5acd6b6f829b0c0d5b523ece,37.78406420129634,-122.43282919431634,New American Restaurant,24
927,Laurel Heights,37.78576000000004,-122.44722999999999,Sorrel,5ad0ca19d552c75bbca2a9fa,37.78842635020657,-122.44618748888597,New American Restaurant,65
928,Cathedral Hill,37.784344,-122.424496,1608 Bistro,5adb8cc5916bc10dcb6a3c42,37.78829309005468,-122.42375391159742,Filipino Restaurant,16
929,Ingleside,37.723020000000076,-122.45214999999996,Sakesan Sushi | Robata,5adbe1d72d2fd9240e4fc437,37.72429029372163,-122.45745367145554,Japanese Restaurant,13
931,Dogpatch,37.75946000000005,-122.39035999999999,School Night,5add271ea795bd5ffaea4105,37.761625845682836,-122.38902250124985,Restaurant,58
932,Marina District,37.80315000000007,-122.43674999999996,Boho Restaurant,5ae132a21ffe97002cccf140,37.799976,-122.43784,American Restaurant,5
933,South Beach,37.78630000000004,-122.39268999999996,Cento Osteria,5aebb31fdd8442002c2f9b77,37.784960478003626,-122.38827823742258,Italian Restaurant,17
935,Chinatown,37.795390000000054,-122.40811999999994,Nico,5aecc55667e5f2002c8a87a8,37.7958254,-122.4031262,Restaurant,27
939,Sea Cliff,37.78626000000003,-122.48517999999996,Pearl,5af51cc9a0215b002c89550c,37.7838391,-122.4830831,Restaurant,68
940,Duboce Triangle,37.76932000000005,-122.43145999999996,Wooden Spoon,5af894323abcaf002c062b81,37.76649555934699,-122.43022237369864,Scandinavian Restaurant,76
941,Ingleside,37.723020000000076,-122.45214999999996,Go Go 7,5b08d4d69f8a9f002cdad0d1,37.724409,-122.457453,Korean Restaurant,8
943,Lakeside,37.724330000000066,-122.47383999999994,Shihlin Taiwan Street Snacks 士林臺灣小吃,5b09e2e398fbfc002c028929,37.727817534627626,-122.47646649433597,Taiwanese Restaurant,16
944,Richmond District,37.78066000000007,-122.47088999999994,Ichiraku Ramen,5b1ddd65a5a315002cbd1cb0,37.780664,-122.476537,Ramen Restaurant,14
945,Hayes Valley,37.77428000000003,-122.42832999999996,Kantine,5b2134a81acf11002c0f7903,37.770588837489555,-122.4252890412455,Scandinavian Restaurant,133
946,Sea Cliff,37.78626000000003,-122.48517999999996,Violet’s,5b2192aedab4b1002c999366,37.782011605335526,-122.48398043131773,Restaurant,46
947,Inner Sunset,37.762110000000064,-122.46885999999995,USHI TARO,5b3449f167a9fe002c4c797e,37.76253633540691,-122.46619374792915,Ramen Restaurant,22
948,Union Square,37.78782000000007,-122.40747999999996,Oren's Hummus,5b452be1772fbc002c0a3ecb,37.786668908442635,-122.40251166215769,Mediterranean Restaurant,87
949,Western Addition,37.780950000000075,-122.43221999999997,OMA San Francisco Station,5b5d2fdb0d2be7002c491b02,37.785010213957456,-122.43093584499641,Sushi Restaurant,25
953,Cathedral Hill,37.784344,-122.424496,Van Ness Cafe And Gyros,5b68e44c286fda002c22548f,37.783228,-122.420731,Restaurant,5
955,Financial District South,37.795780000000036,-122.40047999999996,Mendocino Farms,5b6c8b982db4a9002c2a57dc,37.792686636906865,-122.40210344384357,Restaurant,55
958,Financial District,37.795780000000036,-122.40047999999996,Z & Y bistro,5b777dd9da2e00002ca2cde7,37.79622977221367,-122.40539319032837,Szechuan Restaurant,15
960,Bayview,37.73345000000006,-122.38997999999998,TATO,5b89f7f6a0215b002c7cfd73,37.736315000000005,-122.390498,Mexican Restaurant,19
961,Embarcadero,37.79532000000006,-122.39393999999999,Angler,5b99a238419a9e002cae8074,37.793264199379806,-122.39205373961049,Seafood Restaurant,65
962,Mission District,37.759930000000054,-122.41807999999997,Prairie,5bafbc473ba767002c92b61a,37.76014792239044,-122.41992975067319,Italian Restaurant,61
963,Richmond District,37.78066000000007,-122.47088999999994,Chomp N' Swig,5bb6597ee1f0aa002cec7081,37.78031,-122.475464,Restaurant,9
964,Mid-Market,37.79098449478979,-122.39922052301995,Luke’s Lobster,5bb777eb9fca56002cc5e6d2,37.788035,-122.400096,Seafood Restaurant,32
966,Duboce Triangle,37.76932000000005,-122.43145999999996,Kibatsu,5bc93df15c6838002c0af3b3,37.772416865287965,-122.4289409049265,Japanese Restaurant,14
969,Saint Francis Wood,37.734650000000045,-122.46802999999994,L’Amour Saigon,5bccca698a4cf5002c13cb30,37.737578,-122.469278,Vietnamese Restaurant,3
971,Cathedral Hill,37.784344,-122.424496,Nari,5bd1dda4588e36002cf041f2,37.785476,-122.428688,Thai Restaurant,59
974,Belden Place,37.7912745,-122.40378675000001,The Shota,5bdd0cd1bed483002c8e7e89,37.791534530518405,-122.40075768797053,Japanese Restaurant,13
975,Lower Nob Hill,37.78944000000007,-122.41453999999999,Gusto Pinsa Romana,5c0dd1ad5a2c91002c442f28,37.7895944763817,-122.41387265343073,Italian Restaurant,35
977,Laguna Honda,37.750999922797234,-122.46122578186481,Yoji Sushi,5c1319311ffe97002cfe8a4a,37.747015,-122.459345,Sushi Restaurant,2
978,Cow Hollow,37.79825000000005,-122.43572999999998,Souvla,5c183e4f3e6741002cd79bc1,37.800276507310706,-122.44073222772535,Greek Restaurant,30
980,South Park,37.78145000000006,-122.39385999999996,Hakashi,5c2588487c891c002de0a33d,37.78156802145504,-122.3962355941933,Sushi Restaurant,33
982,Chinatown,37.795390000000054,-122.40811999999994,Nob Hill Cafe,5c43e66660255e002c0e1ce6,37.793009,-122.412597,Italian Restaurant,13
985,Japantown,37.785420000000045,-122.42971999999997,Noosh,5c47c389603d2a002cb16e10,37.788057,-122.433879,Mediterranean Restaurant,73
988,Duboce Triangle,37.76932000000005,-122.43145999999996,Beit Rima,5c48ef89a6ec98002c7d63cd,37.76875439388483,-122.42904017764762,Middle Eastern Restaurant,98
989,Jordan Park,37.784650000000056,-122.45664,Alley House,5c524ae75c6838002cb6c7a7,37.780964,-122.459811,Chinese Restaurant,2
990,Japantown,37.785420000000045,-122.42971999999997,Daeho,5c687f93e1f0aa002c124962,37.785769,-122.42853,Korean Restaurant,100
993,China Basin,37.77609000000007,-122.39374999999995,Troya,5c81855425ecca0039ebab88,37.779102,-122.393648,Mediterranean Restaurant,16
996,Dolores Heights,37.75828000000007,-122.43027999999998,Rooster & Rice,5c92f0dc81635b00397c413c,37.760877,-122.433668,Thai Restaurant,9
998,Russian Hill,37.80203000000006,-122.41962999999998,Palette Tea House,5ca54c4282a750002cf39340,37.80554739174514,-122.42277443198901,Cantonese Restaurant,43
999,Mid-Market,37.79098449478979,-122.39922052301995,The Vault,5cb9e19e78782c002c7dcbb8,37.792074,-122.403972,Restaurant,13
1000,Marina District,37.80315000000007,-122.43674999999996,Karaweik Burmese Cuisine,5cccd755e55d8b002c95d387,37.799937,-122.437872,Burmese Restaurant,8
1001,Noe Valley,37.75160000000005,-122.42907999999994,Mahila,5d0707ae59b5a400232d12b5,37.750907,-122.43433300000001,Malay Restaurant,14
1002,Financial District South,37.795780000000036,-122.40047999999996,Hinodeya,5d0a985b972c0d0023090738,37.794655999999996,-122.404544,Ramen Restaurant,42
1005,Inner Sunset,37.762110000000064,-122.46885999999995,um.ma,5d1696d81feae30023bd182b,37.765526,-122.466124,Korean Restaurant,32
1006,South Park,37.78145000000006,-122.39385999999996,Sun & Moon,5d255d32972c0d0023766eee,37.779633,-122.39465,Thai Restaurant,14
1007,Sea Cliff,37.78626000000003,-122.48517999999996,Dumpling Alley,5d2aa2b47ad194002f2054a7,37.782153,-122.486275,Shanghai Restaurant,4
1008,Duboce Triangle,37.76932000000005,-122.43145999999996,Purple Rice,5d6697e5a9fbd900087136b1,37.77189,-122.430775,Korean Restaurant,5
1011,Mission District,37.759930000000054,-122.41807999999997,Dear Inga,5d7722fe82ea3b0008e1fddf,37.761826,-122.422959,Eastern European Restaurant,44
1013,Cow Hollow,37.79825000000005,-122.43572999999998,Wildseed,5d77246152f4a00007528cb9,37.7976259,-122.4324404,Vegetarian / Vegan Restaurant,41
1014,Richmond District,37.78066000000007,-122.47088999999994,Konomama,5d91378b1b7ce60008f41b3b,37.780619,-122.468753,Japanese Curry Restaurant,6
1015,Mission Bay,37.76690000000008,-122.38978999999995,City Bistro,5db503bedb23560008c45abe,37.767459,-122.387897,American Restaurant,0
1016,Mission District,37.759930000000054,-122.41807999999997,Señor Sisig,5dc48d5d66c37b0008250bf8,37.75715,-122.421304,Filipino Restaurant,36
1017,Cole Valley,37.76532000000003,-122.44986999999998,Beit Rima Carl Street,5dd0ad6256b2c80008a5a966,37.765841,-122.449755,Middle Eastern Restaurant,13
1019,Belden Place,37.7912745,-122.40378675000001,Sababa,5dd37be5eb9f4300076a3a58,37.789173,-122.400308,Middle Eastern Restaurant,8
1020,Castro,37.75849000000005,-122.43476999999996,Bhoga,5ddc6fd067d73700089eec12,37.761407,-122.435188,Indian Restaurant,2
1022,Lake Street,37.785060000000044,-122.46403999999995,Mamahuhu,5e124862b5b5ad00084cb2c6,37.782913,-122.464834,Chinese Restaurant,1
1023,Mission Bay,37.76690000000008,-122.38978999999995,Magnolia Brewing City Bistro,5e1e84e247c34b0008edcd73,37.768485,-122.386724,Fast Food Restaurant,0
1025,Mission Bay,37.76690000000008,-122.38978999999995,Dumpling Time,5e23a60f829773000821d9e5,37.767284,-122.388738,Dumpling Restaurant,8
